{
  "file_name": "body",
  "texture_size": [
    128,
    128
  ],
  "textures": {
    "layer0": "manamodels:entity/daza"
  },
  "elements": [
    {
      "name": "body_0",
      "from": [
        4.3999996,
        6.2,
        5.6
      ],
      "to": [
        11.6,
        11.6,
        11.6
      ],
      "rotation": {
        "angle": 0.0,
        "axis": "z",
        "origin": [
          8.0,
          8.0,
          8.0
        ]
      },
      "faces": {
        "east": {
          "uv": [
            0.0,
            6.0,
            1.25,
            7.125
          ],
          "texture": "#layer0",
          "tintindex": 0
        },
        "south": {
          "uv": [
            4.0,
            6.0,
            5.5,
            7.125
          ],
          "texture": "#layer0",
          "tintindex": 0
        },
        "north": {
          "uv": [
            1.25,
            6.0,
            2.75,
            7.125
          ],
          "texture": "#layer0",
          "tintindex": 0
        },
        "west": {
          "uv": [
            2.75,
            6.0,
            4.0,
            7.125
          ],
          "texture": "#layer0",
          "tintindex": 0
        },
        "up": {
          "uv": [
            2.75,
            6.0,
            1.25,
            4.75
          ],
          "texture": "#layer0",
          "tintindex": 0
        },
        "down": {
          "uv": [
            2.75,
            4.75,
            4.25,
            6.0
          ],
          "texture": "#layer0",
          "tintindex": 0
        }
      }
    },
    {
      "name": "body_1",
      "from": [
        13.1,
        -5.500001,
        5.3
      ],
      "to": [
        13.7,
        7.1,
        11.900001
      ],
      "rotation": {
        "angle": 0.0,
        "axis": "y",
        "origin": [
          13.1,
          -0.10000038,
          5.3
        ]
      },
      "faces": {
        "east": {
          "uv": [
            8.375,
            6.875,
            7.0,
            9.5
          ],
          "texture": "#layer0",
          "tintindex": 0
        },
        "south": {
          "uv": [
            8.5,
            6.875,
            8.375,
            9.5
          ],
          "texture": "#layer0",
          "tintindex": 0
        },
        "north": {
          "uv": [
            7.0,
            6.875,
            6.875,
            9.5
          ],
          "texture": "#layer0",
          "tintindex": 0
        },
        "west": {
          "uv": [
            6.875,
            6.875,
            5.5,
            9.5
          ],
          "texture": "#layer0",
          "tintindex": 0
        },
        "up": {
          "uv": [
            6.875,
            6.875,
            7.0,
            5.5
          ],
          "texture": "#layer0",
          "tintindex": 0
        },
        "down": {
          "uv": [
            7.125,
            5.5,
            7.0,
            6.875
          ],
          "texture": "#layer0",
          "tintindex": 0
        }
      }
    },
    {
      "name": "body_2",
      "from": [
        12.5,
        7.1,
        4.7
      ],
      "to": [
        13.1,
        13.1,
        12.5
      ],
      "rotation": {
        "angle": 0.0,
        "axis": "z",
        "origin": [
          12.5,
          9.5,
          4.7
        ]
      },
      "faces": {
        "east": {
          "uv": [
            6.875,
            9.5,
            8.5,
            10.75
          ],
          "texture": "#layer0",
          "tintindex": 0
        },
        "south": {
          "uv": [
            10.25,
            9.5,
            10.375,
            10.75
          ],
          "texture": "#layer0",
          "tintindex": 0
        },
        "north": {
          "uv": [
            8.5,
            9.5,
            8.625,
            10.75
          ],
          "texture": "#layer0",
          "tintindex": 0
        },
        "west": {
          "uv": [
            8.625,
            9.5,
            10.25,
            10.75
          ],
          "texture": "#layer0",
          "tintindex": 0
        },
        "up": {
          "uv": [
            8.625,
            9.5,
            8.5,
            7.875
          ],
          "texture": "#layer0",
          "tintindex": 0
        },
        "down": {
          "uv": [
            8.625,
            7.875,
            8.75,
            9.5
          ],
          "texture": "#layer0",
          "tintindex": 0
        }
      }
    },
    {
      "name": "body_3",
      "from": [
        2.8999999,
        7.1,
        4.7
      ],
      "to": [
        3.4999998,
        13.1,
        12.5
      ],
      "rotation": {
        "angle": 0.0,
        "axis": "z",
        "origin": [
          3.4999998,
          9.5,
          4.7
        ]
      },
      "faces": {
        "east": {
          "uv": [
            10.25,
            9.5,
            8.625,
            10.75
          ],
          "texture": "#layer0",
          "tintindex": 0
        },
        "south": {
          "uv": [
            10.375,
            9.5,
            10.25,
            10.75
          ],
          "texture": "#layer0",
          "tintindex": 0
        },
        "north": {
          "uv": [
            8.625,
            9.5,
            8.5,
            10.75
          ],
          "texture": "#layer0",
          "tintindex": 0
        },
        "west": {
          "uv": [
            8.5,
            9.5,
            6.875,
            10.75
          ],
          "texture": "#layer0",
          "tintindex": 0
        },
        "up": {
          "uv": [
            8.5,
            9.5,
            8.625,
            7.875
          ],
          "texture": "#layer0",
          "tintindex": 0
        },
        "down": {
          "uv": [
            8.75,
            7.875,
            8.625,
            9.5
          ],
          "texture": "#layer0",
          "tintindex": 0
        }
      }
    },
    {
      "name": "body_4",
      "from": [
        2.2999997,
        -5.500001,
        5.3
      ],
      "to": [
        2.8999999,
        7.1,
        11.900001
      ],
      "rotation": {
        "angle": 0.0,
        "axis": "y",
        "origin": [
          2.8999999,
          -0.10000038,
          5.3
        ]
      },
      "faces": {
        "east": {
          "uv": [
            5.5,
            6.875,
            6.875,
            9.5
          ],
          "texture": "#layer0",
          "tintindex": 0
        },
        "south": {
          "uv": [
            8.375,
            6.875,
            8.5,
            9.5
          ],
          "texture": "#layer0",
          "tintindex": 0
        },
        "north": {
          "uv": [
            6.875,
            6.875,
            7.0,
            9.5
          ],
          "texture": "#layer0",
          "tintindex": 0
        },
        "west": {
          "uv": [
            7.0,
            6.875,
            8.375,
            9.5
          ],
          "texture": "#layer0",
          "tintindex": 0
        },
        "up": {
          "uv": [
            7.0,
            6.875,
            6.875,
            5.5
          ],
          "texture": "#layer0",
          "tintindex": 0
        },
        "down": {
          "uv": [
            7.0,
            5.5,
            7.125,
            6.875
          ],
          "texture": "#layer0",
          "tintindex": 0
        }
      }
    },
    {
      "name": "body_5",
      "from": [
        3.7999997,
        -6.4000006,
        11.6
      ],
      "to": [
        12.2,
        7.4,
        12.2
      ],
      "rotation": {
        "angle": 0.0,
        "axis": "x",
        "origin": [
          8.0,
          0.49999976,
          11.900001
        ]
      },
      "faces": {
        "east": {
          "uv": [
            0.0,
            7.25,
            0.125,
            10.125
          ],
          "texture": "#layer0",
          "tintindex": 0
        },
        "south": {
          "uv": [
            2.0,
            7.25,
            3.75,
            10.125
          ],
          "texture": "#layer0",
          "tintindex": 0
        },
        "north": {
          "uv": [
            0.125,
            7.25,
            1.875,
            10.125
          ],
          "texture": "#layer0",
          "tintindex": 0
        },
        "west": {
          "uv": [
            1.875,
            7.25,
            2.0,
            10.125
          ],
          "texture": "#layer0",
          "tintindex": 0
        },
        "up": {
          "uv": [
            1.875,
            7.25,
            0.125,
            7.125
          ],
          "texture": "#layer0",
          "tintindex": 0
        },
        "down": {
          "uv": [
            1.875,
            7.125,
            3.625,
            7.25
          ],
          "texture": "#layer0",
          "tintindex": 0
        }
      }
    },
    {
      "name": "body_6",
      "from": [
        4.1,
        5.0,
        11.0
      ],
      "to": [
        8.3,
        9.8,
        12.2
      ],
      "rotation": {
        "angle": 0.0,
        "axis": "x",
        "origin": [
          8.0,
          7.1,
          11.900001
        ]
      },
      "faces": {
        "east": {
          "uv": [
            12.375,
            1.375,
            12.625,
            2.375
          ],
          "texture": "#layer0",
          "tintindex": 0
        },
        "south": {
          "uv": [
            13.75,
            1.375,
            14.625,
            2.375
          ],
          "texture": "#layer0",
          "tintindex": 0
        },
        "north": {
          "uv": [
            12.625,
            1.375,
            13.5,
            2.375
          ],
          "texture": "#layer0",
          "tintindex": 0
        },
        "west": {
          "uv": [
            13.5,
            1.375,
            13.75,
            2.375
          ],
          "texture": "#layer0",
          "tintindex": 0
        },
        "up": {
          "uv": [
            13.5,
            1.375,
            12.625,
            1.125
          ],
          "texture": "#layer0",
          "tintindex": 0
        },
        "down": {
          "uv": [
            13.5,
            1.125,
            14.375,
            1.375
          ],
          "texture": "#layer0",
          "tintindex": 0
        }
      }
    },
    {
      "name": "body_7",
      "from": [
        4.7,
        9.2,
        11.0
      ],
      "to": [
        11.3,
        12.8,
        12.8
      ],
      "rotation": {
        "angle": 0.0,
        "axis": "x",
        "origin": [
          11.0,
          11.3,
          12.5
        ]
      },
      "faces": {
        "east": {
          "uv": [
            11.5,
            0.375,
            11.875,
            1.125
          ],
          "texture": "#layer0",
          "tintindex": 0
        },
        "south": {
          "uv": [
            13.625,
            0.375,
            15.0,
            1.125
          ],
          "texture": "#layer0",
          "tintindex": 0
        },
        "north": {
          "uv": [
            11.875,
            0.375,
            13.25,
            1.125
          ],
          "texture": "#layer0",
          "tintindex": 0
        },
        "west": {
          "uv": [
            13.25,
            0.375,
            13.625,
            1.125
          ],
          "texture": "#layer0",
          "tintindex": 0
        },
        "up": {
          "uv": [
            13.25,
            0.375,
            11.875,
            0.0
          ],
          "texture": "#layer0",
          "tintindex": 0
        },
        "down": {
          "uv": [
            13.25,
            0.0,
            14.625,
            0.375
          ],
          "texture": "#layer0",
          "tintindex": 0
        }
      }
    },
    {
      "name": "body_8",
      "from": [
        7.7,
        5.0,
        11.0
      ],
      "to": [
        11.900001,
        9.8,
        12.2
      ],
      "rotation": {
        "angle": 0.0,
        "axis": "x",
        "origin": [
          8.0,
          7.1,
          11.900001
        ]
      },
      "faces": {
        "east": {
          "uv": [
            5.375,
            0.25,
            5.625,
            1.25
          ],
          "texture": "#layer0",
          "tintindex": 0
        },
        "south": {
          "uv": [
            6.75,
            0.25,
            7.625,
            1.25
          ],
          "texture": "#layer0",
          "tintindex": 0
        },
        "north": {
          "uv": [
            5.625,
            0.25,
            6.5,
            1.25
          ],
          "texture": "#layer0",
          "tintindex": 0
        },
        "west": {
          "uv": [
            6.5,
            0.25,
            6.75,
            1.25
          ],
          "texture": "#layer0",
          "tintindex": 0
        },
        "up": {
          "uv": [
            6.5,
            0.25,
            5.625,
            0.0
          ],
          "texture": "#layer0",
          "tintindex": 0
        },
        "down": {
          "uv": [
            6.5,
            0.0,
            7.375,
            0.25
          ],
          "texture": "#layer0",
          "tintindex": 0
        }
      }
    }
  ],
  "display": {
    "head": {
      "translation": [
        0.0,
        -6.4,
        0.0
      ],
      "rotation": [
        0.0,
        0.0,
        0.0
      ],
      "scale": [
        3.8095,
        3.8095,
        3.8095
      ]
    },
    "gui": {
      "translation": [
        0.0,
        0.0,
        0.0
      ],
      "rotation": [
        35.0,
        225.0,
        0.0
      ],
      "scale": [
        0.625,
        0.625,
        0.625
      ]
    }
  }
}