{
  "file_name": "head",
  "texture_size": [
    128,
    128
  ],
  "textures": {
    "layer0": "manamodels:entity/daza"
  },
  "elements": [
    {
      "name": "head_0",
      "from": [
        4.7,
        10.348671,
        7.816844
      ],
      "to": [
        11.3,
        13.348671,
        11.416844
      ],
      "rotation": {
        "angle": 0.0,
        "axis": "z",
        "origin": [
          8.0,
          8.0,
          8.0
        ]
      },
      "faces": {
        "east": {
          "uv": [
            5.5,
            11.875,
            6.25,
            12.5
          ],
          "texture": "#layer0",
          "tintindex": 0
        },
        "south": {
          "uv": [
            8.375,
            11.875,
            9.75,
            12.5
          ],
          "texture": "#layer0",
          "tintindex": 0
        },
        "north": {
          "uv": [
            6.25,
            11.875,
            7.625,
            12.5
          ],
          "texture": "#layer0",
          "tintindex": 0
        },
        "west": {
          "uv": [
            7.625,
            11.875,
            8.375,
            12.5
          ],
          "texture": "#layer0",
          "tintindex": 0
        },
        "up": {
          "uv": [
            7.625,
            11.875,
            6.25,
            11.125
          ],
          "texture": "#layer0",
          "tintindex": 0
        },
        "down": {
          "uv": [
            7.625,
            11.125,
            9.0,
            11.875
          ],
          "texture": "#layer0",
          "tintindex": 0
        }
      }
    },
    {
      "name": "head_1",
      "from": [
        5.6,
        7.34867,
        6.016844
      ],
      "to": [
        10.4,
        15.14867,
        10.216845
      ],
      "rotation": {
        "angle": 0.0,
        "axis": "z",
        "origin": [
          8.0,
          8.0,
          8.0
        ]
      },
      "faces": {
        "east": {
          "uv": [
            8.75,
            6.875,
            9.625,
            8.5
          ],
          "texture": "#layer0",
          "tintindex": 0
        },
        "south": {
          "uv": [
            11.5,
            6.875,
            12.5,
            8.5
          ],
          "texture": "#layer0",
          "tintindex": 0
        },
        "north": {
          "uv": [
            9.625,
            6.875,
            10.625,
            8.5
          ],
          "texture": "#layer0",
          "tintindex": 0
        },
        "west": {
          "uv": [
            10.625,
            6.875,
            11.5,
            8.5
          ],
          "texture": "#layer0",
          "tintindex": 0
        },
        "up": {
          "uv": [
            10.625,
            6.875,
            9.625,
            6.0
          ],
          "texture": "#layer0",
          "tintindex": 0
        },
        "down": {
          "uv": [
            10.625,
            6.0,
            11.625,
            6.875
          ],
          "texture": "#layer0",
          "tintindex": 0
        }
      }
    },
    {
      "name": "head_2",
      "from": [
        6.8,
        10.348671,
        5.416844
      ],
      "to": [
        9.2,
        11.548671,
        6.016844
      ],
      "rotation": {
        "angle": 0.0,
        "axis": "z",
        "origin": [
          8.0,
          8.0,
          8.0
        ]
      },
      "faces": {
        "east": {
          "uv": [
            0.0,
            2.875,
            0.125,
            3.125
          ],
          "texture": "#layer0",
          "tintindex": 0
        },
        "south": {
          "uv": [
            0.75,
            2.875,
            1.25,
            3.125
          ],
          "texture": "#layer0",
          "tintindex": 0
        },
        "north": {
          "uv": [
            0.125,
            2.875,
            0.625,
            3.125
          ],
          "texture": "#layer0",
          "tintindex": 0
        },
        "west": {
          "uv": [
            0.625,
            2.875,
            0.75,
            3.125
          ],
          "texture": "#layer0",
          "tintindex": 0
        },
        "up": {
          "uv": [
            0.625,
            2.875,
            0.125,
            2.75
          ],
          "texture": "#layer0",
          "tintindex": 0
        },
        "down": {
          "uv": [
            0.625,
            2.75,
            1.125,
            2.875
          ],
          "texture": "#layer0",
          "tintindex": 0
        }
      }
    },
    {
      "name": "head_3",
      "from": [
        5.0,
        7.94867,
        4.816844
      ],
      "to": [
        11.0,
        10.34867,
        9.016844
      ],
      "rotation": {
        "angle": 0.0,
        "axis": "z",
        "origin": [
          8.0,
          8.0,
          8.0
        ]
      },
      "faces": {
        "east": {
          "uv": [
            9.5,
            4.125,
            10.375,
            4.625
          ],
          "texture": "#layer0",
          "tintindex": 0
        },
        "south": {
          "uv": [
            12.5,
            4.125,
            13.75,
            4.625
          ],
          "texture": "#layer0",
          "tintindex": 0
        },
        "north": {
          "uv": [
            10.375,
            4.125,
            11.625,
            4.625
          ],
          "texture": "#layer0",
          "tintindex": 0
        },
        "west": {
          "uv": [
            11.625,
            4.125,
            12.5,
            4.625
          ],
          "texture": "#layer0",
          "tintindex": 0
        },
        "up": {
          "uv": [
            11.625,
            4.125,
            10.375,
            3.25
          ],
          "texture": "#layer0",
          "tintindex": 0
        },
        "down": {
          "uv": [
            11.625,
            3.25,
            12.875,
            4.125
          ],
          "texture": "#layer0",
          "tintindex": 0
        }
      }
    }
  ],
  "display": {
    "head": {
      "translation": [
        0.0,
        -6.4,
        0.0
      ],
      "rotation": [
        0.0,
        0.0,
        0.0
      ],
      "scale": [
        3.8095,
        3.8095,
        3.8095
      ]
    },
    "gui": {
      "translation": [
        0.0,
        0.0,
        0.0
      ],
      "rotation": [
        35.0,
        225.0,
        0.0
      ],
      "scale": [
        0.625,
        0.625,
        0.625
      ]
    }
  }
}