{
  "file_name": "necklace",
  "texture_size": [
    128,
    128
  ],
  "textures": {
    "layer0": "manamodels:entity/daza"
  },
  "elements": [
    {
      "name": "necklace_0",
      "from": [
        10.4,
        7.1,
        7.7
      ],
      "to": [
        12.2,
        8.9,
        9.5
      ],
      "rotation": {
        "angle": -45.0,
        "axis": "z",
        "origin": [
          11.6,
          8.0,
          8.6
        ]
      },
      "faces": {
        "east": {
          "uv": [
            0.0,
            1.125,
            0.375,
            1.5
          ],
          "texture": "#layer0",
          "tintindex": 0
        },
        "south": {
          "uv": [
            1.125,
            1.125,
            1.5,
            1.5
          ],
          "texture": "#layer0",
          "tintindex": 0
        },
        "north": {
          "uv": [
            0.375,
            1.125,
            0.75,
            1.5
          ],
          "texture": "#layer0",
          "tintindex": 0
        },
        "west": {
          "uv": [
            0.75,
            1.125,
            1.125,
            1.5
          ],
          "texture": "#layer0",
          "tintindex": 0
        },
        "up": {
          "uv": [
            0.75,
            1.125,
            0.375,
            0.75
          ],
          "texture": "#layer0",
          "tintindex": 0
        },
        "down": {
          "uv": [
            0.75,
            0.75,
            1.125,
            1.125
          ],
          "texture": "#layer0",
          "tintindex": 0
        }
      }
    },
    {
      "name": "necklace_1",
      "from": [
        8.6,
        5.8999996,
        7.1
      ],
      "to": [
        10.4,
        7.7,
        8.9
      ],
      "rotation": {
        "angle": 0.0,
        "axis": "x",
        "origin": [
          9.5,
          6.8,
          8.0
        ]
      },
      "faces": {
        "east": {
          "uv": [
            3.75,
            7.5,
            4.125,
            7.875
          ],
          "texture": "#layer0",
          "tintindex": 0
        },
        "south": {
          "uv": [
            4.875,
            7.5,
            5.25,
            7.875
          ],
          "texture": "#layer0",
          "tintindex": 0
        },
        "north": {
          "uv": [
            4.125,
            7.5,
            4.5,
            7.875
          ],
          "texture": "#layer0",
          "tintindex": 0
        },
        "west": {
          "uv": [
            4.5,
            7.5,
            4.875,
            7.875
          ],
          "texture": "#layer0",
          "tintindex": 0
        },
        "up": {
          "uv": [
            4.5,
            7.5,
            4.125,
            7.125
          ],
          "texture": "#layer0",
          "tintindex": 0
        },
        "down": {
          "uv": [
            4.5,
            7.125,
            4.875,
            7.5
          ],
          "texture": "#layer0",
          "tintindex": 0
        }
      }
    },
    {
      "name": "necklace_2",
      "from": [
        6.8,
        7.1,
        7.7
      ],
      "to": [
        8.6,
        8.9,
        9.5
      ],
      "rotation": {
        "angle": -45.0,
        "axis": "z",
        "origin": [
          8.0,
          8.0,
          8.6
        ]
      },
      "faces": {
        "east": {
          "uv": [
            0.0,
            0.375,
            0.375,
            0.75
          ],
          "texture": "#layer0",
          "tintindex": 0
        },
        "south": {
          "uv": [
            1.125,
            0.375,
            1.5,
            0.75
          ],
          "texture": "#layer0",
          "tintindex": 0
        },
        "north": {
          "uv": [
            0.375,
            0.375,
            0.75,
            0.75
          ],
          "texture": "#layer0",
          "tintindex": 0
        },
        "west": {
          "uv": [
            0.75,
            0.375,
            1.125,
            0.75
          ],
          "texture": "#layer0",
          "tintindex": 0
        },
        "up": {
          "uv": [
            0.75,
            0.375,
            0.375,
            0.0
          ],
          "texture": "#layer0",
          "tintindex": 0
        },
        "down": {
          "uv": [
            0.75,
            0.0,
            1.125,
            0.375
          ],
          "texture": "#layer0",
          "tintindex": 0
        }
      }
    }
  ],
  "display": {
    "head": {
      "translation": [
        0.0,
        -6.4,
        0.0
      ],
      "rotation": [
        0.0,
        0.0,
        0.0
      ],
      "scale": [
        3.8095,
        3.8095,
        3.8095
      ]
    },
    "gui": {
      "translation": [
        0.0,
        0.0,
        0.0
      ],
      "rotation": [
        35.0,
        225.0,
        0.0
      ],
      "scale": [
        0.625,
        0.625,
        0.625
      ]
    }
  }
}