{
  "file_name": "lowerleg_left",
  "texture_size": [
    128,
    128
  ],
  "textures": {
    "layer0": "manamodels:entity/sahuagin"
  },
  "elements": [
    {
      "name": "lowerleg_left_0",
      "from": [
        6.5,
        3.7999997,
        8.360001
      ],
      "to": [
        8.9,
        8.0,
        10.76
      ],
      "rotation": {
        "angle": 45.0,
        "axis": "y",
        "origin": [
          8.0,
          8.0,
          9.26
        ]
      },
      "faces": {
        "east": {
          "uv": [
            11.75,
            7.375,
            11.25,
            8.25
          ],
          "texture": "#layer0",
          "tintindex": 0
        },
        "south": {
          "uv": [
            11.75,
            6.5,
            11.25,
            7.375
          ],
          "texture": "#layer0",
          "tintindex": 0
        },
        "north": {
          "uv": [
            8.25,
            6.5,
            7.75,
            7.375
          ],
          "texture": "#layer0",
          "tintindex": 0
        },
        "west": {
          "uv": [
            11.625,
            8.25,
            11.125,
            9.125
          ],
          "texture": "#layer0",
          "tintindex": 0
        },
        "up": {
          "uv": [
            6.5,
            10.25,
            7.0,
            9.75
          ],
          "texture": "#layer0",
          "tintindex": 0
        },
        "down": {
          "uv": [
            10.25,
            1.75,
            9.75,
            2.25
          ],
          "texture": "#layer0",
          "tintindex": 0
        }
      }
    },
    {
      "name": "lowerleg_left_1",
      "from": [
        8.0006,
        3.7999997,
        11.381318
      ],
      "to": [
        8.0006,
        8.0,
        16.181318
      ],
      "rotation": {
        "angle": 0.0,
        "axis": "z",
        "origin": [
          8.0,
          8.0,
          8.0
        ]
      },
      "faces": {
        "east": {
          "uv": [
            11.5,
            1.75,
            10.5,
            2.625
          ],
          "texture": "#layer0",
          "tintindex": 0
        },
        "south": {
          "uv": [
            0.0,
            0.0,
            0.0,
            0.875
          ],
          "texture": "#layer0",
          "tintindex": 0
        },
        "north": {
          "uv": [
            0.0,
            0.0,
            0.0,
            0.875
          ],
          "texture": "#layer0",
          "tintindex": 0
        },
        "west": {
          "uv": [
            11.25,
            6.5,
            10.25,
            7.375
          ],
          "texture": "#layer0",
          "tintindex": 0
        },
        "up": {
          "uv": [
            0.0,
            1.0,
            0.0,
            0.0
          ],
          "texture": "#layer0",
          "tintindex": 0
        },
        "down": {
          "uv": [
            0.0,
            0.0,
            0.0,
            1.0
          ],
          "texture": "#layer0",
          "tintindex": 0
        }
      }
    }
  ],
  "display": {
    "head": {
      "translation": [
        0.0,
        -6.4,
        0.0
      ],
      "rotation": [
        0.0,
        0.0,
        0.0
      ],
      "scale": [
        3.8095,
        3.8095,
        3.8095
      ]
    },
    "gui": {
      "translation": [
        0.0,
        0.0,
        0.0
      ],
      "rotation": [
        35.0,
        225.0,
        0.0
      ],
      "scale": [
        0.625,
        0.625,
        0.625
      ]
    }
  }
}