{
  "file_name": "right_arm",
  "texture_size": [
    128,
    128
  ],
  "textures": {
    "layer0": "manamodels:entity/daza"
  },
  "elements": [
    {
      "name": "right_arm_0",
      "from": [
        7.4,
        3.9200003,
        5.6
      ],
      "to": [
        11.6,
        8.120001,
        10.4
      ],
      "rotation": {
        "angle": 0.0,
        "axis": "z",
        "origin": [
          8.0,
          8.0,
          8.0
        ]
      },
      "faces": {
        "east": {
          "uv": [
            0.0,
            11.25,
            1.0,
            12.125
          ],
          "texture": "#layer0",
          "tintindex": 0
        },
        "south": {
          "uv": [
            2.875,
            11.25,
            3.75,
            12.125
          ],
          "texture": "#layer0",
          "tintindex": 0
        },
        "north": {
          "uv": [
            1.0,
            11.25,
            1.875,
            12.125
          ],
          "texture": "#layer0",
          "tintindex": 0
        },
        "west": {
          "uv": [
            1.875,
            11.25,
            2.875,
            12.125
          ],
          "texture": "#layer0",
          "tintindex": 0
        },
        "up": {
          "uv": [
            1.875,
            11.25,
            1.0,
            10.25
          ],
          "texture": "#layer0",
          "tintindex": 0
        },
        "down": {
          "uv": [
            1.875,
            10.25,
            2.75,
            11.25
          ],
          "texture": "#layer0",
          "tintindex": 0
        }
      }
    },
    {
      "name": "right_arm_1",
      "from": [
        9.2,
        -0.40000033,
        6.8
      ],
      "to": [
        12.8,
        5.0,
        11.6
      ],
      "rotation": {
        "angle": 0.0,
        "axis": "x",
        "origin": [
          8.6,
          2.6,
          7.4
        ]
      },
      "faces": {
        "east": {
          "uv": [
            9.375,
            10.75,
            10.375,
            11.875
          ],
          "texture": "#layer0",
          "tintindex": 0
        },
        "south": {
          "uv": [
            12.125,
            10.75,
            12.875,
            11.875
          ],
          "texture": "#layer0",
          "tintindex": 0
        },
        "north": {
          "uv": [
            10.375,
            10.75,
            11.125,
            11.875
          ],
          "texture": "#layer0",
          "tintindex": 0
        },
        "west": {
          "uv": [
            11.125,
            10.75,
            12.125,
            11.875
          ],
          "texture": "#layer0",
          "tintindex": 0
        },
        "up": {
          "uv": [
            11.125,
            10.75,
            10.375,
            9.75
          ],
          "texture": "#layer0",
          "tintindex": 0
        },
        "down": {
          "uv": [
            11.125,
            9.75,
            11.875,
            10.75
          ],
          "texture": "#layer0",
          "tintindex": 0
        }
      }
    },
    {
      "name": "right_arm_2",
      "from": [
        9.8,
        -5.200001,
        6.2
      ],
      "to": [
        13.400001,
        1.3999997,
        9.8
      ],
      "rotation": {
        "angle": 22.5,
        "axis": "x",
        "origin": [
          11.6,
          -1.9000006,
          8.0
        ]
      },
      "faces": {
        "east": {
          "uv": [
            14.375,
            12.875,
            13.625,
            14.25
          ],
          "texture": "#layer0",
          "tintindex": 0
        },
        "south": {
          "uv": [
            15.125,
            12.875,
            14.375,
            14.25
          ],
          "texture": "#layer0",
          "tintindex": 0
        },
        "north": {
          "uv": [
            13.625,
            12.875,
            12.875,
            14.25
          ],
          "texture": "#layer0",
          "tintindex": 0
        },
        "west": {
          "uv": [
            12.875,
            12.875,
            12.125,
            14.25
          ],
          "texture": "#layer0",
          "tintindex": 0
        },
        "up": {
          "uv": [
            12.875,
            12.875,
            13.625,
            12.125
          ],
          "texture": "#layer0",
          "tintindex": 0
        },
        "down": {
          "uv": [
            14.375,
            12.125,
            13.625,
            12.875
          ],
          "texture": "#layer0",
          "tintindex": 0
        }
      }
    }
  ],
  "display": {
    "head": {
      "translation": [
        0.0,
        -6.4,
        0.0
      ],
      "rotation": [
        0.0,
        0.0,
        0.0
      ],
      "scale": [
        3.8095,
        3.8095,
        3.8095
      ]
    },
    "gui": {
      "translation": [
        0.0,
        0.0,
        0.0
      ],
      "rotation": [
        35.0,
        225.0,
        0.0
      ],
      "scale": [
        0.625,
        0.625,
        0.625
      ]
    }
  }
}