{
	"credit": "Made with Blockbench",
	"texture_size": [64, 64],
	"textures": {
		"layer0": "manamodels:entity/red_spiderman"
	},
	"elements": [
		{
			"name": "visor_0",
			"from": [5, 5.3, 6.5],
			"to": [11, 10.1, 9.5],
			"faces": {
				"north": {"uv": [6.5, 12.75, 8.25, 14], "texture": "#layer0", "tintindex": 0},
				"east": {"uv": [4.5, 14.75, 5, 16], "texture": "#layer0", "tintindex": 0},
				"south": {"uv": [4.5, 14.75, 6.25, 16], "texture": "#layer0", "tintindex": 0},
				"west": {"uv": [9.5, 14.75, 10, 16], "texture": "#layer0", "tintindex": 0},
				"up": {"uv": [9.25, 15.5, 7.5, 15], "texture": "#layer0", "tintindex": 0},
				"down": {"uv": [11.5, 14.75, 13.25, 15.25], "texture": "#layer0", "tintindex": 0}
			}
		}
	],
	"display": {
		"gui": {
			"rotation": [35, 225, 0],
			"scale": [0.625, 0.625, 0.625]
		},
		"head": {
			"translation": [0, -6.4, 0],
			"scale": [3.8095, 3.8095, 3.8095]
		}
	}
}