{
	"credit": "Made with Blockbench",
	"texture_size": [64, 64],
	"textures": {
		"0": "manamodels:entity/yellow_ghost",
		"particle": "manamodels:entity/yellow_ghost"
	},
	"elements": [
		{
			"name": "visor_0",
			"from": [5, 5.3, 6.5],
			"to": [11, 10.1, 9.5],
			"faces": {
				"north": {"uv": [14.25, 4.25, 16, 5.5], "texture": "#0", "tintindex": 0},
				"east": {"uv": [15.5, 2.5, 16, 3.75], "texture": "#0", "tintindex": 0},
				"south": {"uv": [14.25, 3, 16, 4.25], "texture": "#0", "tintindex": 0},
				"west": {"uv": [15.5, 2, 16, 3.25], "texture": "#0", "tintindex": 0},
				"up": {"uv": [16, 5.75, 14.25, 5.25], "texture": "#0", "tintindex": 0},
				"down": {"uv": [14.25, 4.5, 16, 5], "texture": "#0", "tintindex": 0}
			}
		}
	],
	"display": {
		"gui": {
			"rotation": [35, 225, 0],
			"scale": [0.625, 0.625, 0.625]
		},
		"head": {
			"translation": [0, -6.4, 0],
			"scale": [3.8095, 3.8095, 3.8095]
		}
	}
}