{
	"credit": "Made with Blockbench",
	"texture_size": [128, 128],
	"textures": {
		"layer0": "manamodels:entity/mage"
	},
	"elements": [
		{
			"name": "knot4_0",
			"from": [6.2, 8, 7.4],
			"to": [9.8, 11.6, 11],
			"faces": {
				"north": {"uv": [4, 8.25, 4.75, 9], "texture": "#layer0", "tintindex": 0},
				"east": {"uv": [4.75, 8.25, 5.5, 9], "texture": "#layer0", "tintindex": 0},
				"south": {"uv": [8.25, 0, 9, 0.75], "texture": "#layer0", "tintindex": 0},
				"west": {"uv": [8.25, 0.75, 9, 1.5], "texture": "#layer0", "tintindex": 0},
				"up": {"uv": [9, 2.25, 8.25, 1.5], "texture": "#layer0", "tintindex": 0},
				"down": {"uv": [8.25, 2.25, 9, 3], "texture": "#layer0", "tintindex": 0}
			}
		}
	],
	"display": {
		"gui": {
			"rotation": [35, 225, 0],
			"scale": [0.625, 0.625, 0.625]
		},
		"head": {
			"translation": [0, -6.4, 0],
			"scale": [3.8095, 3.8095, 3.8095]
		}
	}
}