{
	"credit": "Made with Blockbench",
	"texture_size": [64, 64],
	"textures": {
		"layer0": "manamodels:entity/orange_antfrost_ghost"
	},
	"elements": [
		{
			"name": "nose_0",
			"from": [7.1, 5.6, 3.8],
			"to": [8.9, 6.8, 4.4],
			"faces": {
				"north": {"uv": [2, 12.25, 1.25, 12.5], "texture": "#layer0", "tintindex": 0},
				"east": {"uv": [3.5, 14.25, 3.5, 14.5], "texture": "#layer0", "tintindex": 0},
				"south": {"uv": [2.5, 12.5, 1.75, 12.75], "texture": "#layer0", "tintindex": 0},
				"west": {"uv": [2.25, 13.75, 2.25, 14], "texture": "#layer0", "tintindex": 0},
				"up": {"uv": [0.25, 16, 1, 16], "texture": "#layer0", "tintindex": 0},
				"down": {"uv": [5.25, 14.25, 4.5, 14.25], "texture": "#layer0", "tintindex": 0}
			}
		},
		{
			"name": "nose_1",
			"from": [8.9, 5.6, 3.95],
			"to": [10.7, 6.2, 3.95],
			"rotation": {"angle": 0, "axis": "z", "origin": [8.9, 6.2, 3.95]},
			"faces": {
				"north": {"uv": [2, 12.25, 1.25, 12.5], "texture": "#layer0", "tintindex": 0},
				"east": {"uv": [3.5, 14.25, 3.5, 14.5], "texture": "#layer0", "tintindex": 0},
				"south": {"uv": [2.5, 12.5, 1.75, 12.75], "texture": "#layer0", "tintindex": 0},
				"west": {"uv": [2.25, 13.75, 2.25, 14], "texture": "#layer0", "tintindex": 0},
				"up": {"uv": [0.25, 16, 1, 16], "texture": "#layer0", "tintindex": 0},
				"down": {"uv": [5.25, 14.25, 4.5, 14.25], "texture": "#layer0", "tintindex": 0}
			}
		},
		{
			"name": "nose_2",
			"from": [5.3, 5.6, 3.95],
			"to": [7.1, 6.2, 3.95],
			"rotation": {"angle": 0, "axis": "z", "origin": [7.1, 6.2, 3.95]},
			"faces": {
				"north": {"uv": [2, 12.25, 1.25, 12.5], "texture": "#layer0", "tintindex": 0},
				"east": {"uv": [3.5, 14.25, 3.5, 14.5], "texture": "#layer0", "tintindex": 0},
				"south": {"uv": [2.5, 12.5, 1.75, 12.75], "texture": "#layer0", "tintindex": 0},
				"west": {"uv": [2.25, 13.75, 2.25, 14], "texture": "#layer0", "tintindex": 0},
				"up": {"uv": [0.25, 16, 1, 16], "texture": "#layer0", "tintindex": 0},
				"down": {"uv": [5.25, 14.25, 4.5, 14.25], "texture": "#layer0", "tintindex": 0}
			}
		},
		{
			"name": "nose_3",
			"from": [8.9, 6.05, 3.95],
			"to": [10.7, 6.65, 3.95],
			"rotation": {"angle": 0, "axis": "z", "origin": [8.9, 6.05, 3.95]},
			"faces": {
				"north": {"uv": [2, 12.25, 1.25, 12.5], "texture": "#layer0", "tintindex": 0},
				"east": {"uv": [3.5, 14.25, 3.5, 14.5], "texture": "#layer0", "tintindex": 0},
				"south": {"uv": [2.5, 12.5, 1.75, 12.75], "texture": "#layer0", "tintindex": 0},
				"west": {"uv": [2.25, 13.75, 2.25, 14], "texture": "#layer0", "tintindex": 0},
				"up": {"uv": [0.25, 16, 1, 16], "texture": "#layer0", "tintindex": 0},
				"down": {"uv": [5.25, 14.25, 4.5, 14.25], "texture": "#layer0", "tintindex": 0}
			}
		},
		{
			"name": "nose_4",
			"from": [5.3, 6.05, 3.95],
			"to": [7.1, 6.65, 3.95],
			"rotation": {"angle": 0, "axis": "z", "origin": [7.1, 6.05, 3.95]},
			"faces": {
				"north": {"uv": [2, 12.25, 1.25, 12.5], "texture": "#layer0", "tintindex": 0},
				"east": {"uv": [3.5, 14.25, 3.5, 14.5], "texture": "#layer0", "tintindex": 0},
				"south": {"uv": [2.5, 12.5, 1.75, 12.75], "texture": "#layer0", "tintindex": 0},
				"west": {"uv": [2.25, 13.75, 2.25, 14], "texture": "#layer0", "tintindex": 0},
				"up": {"uv": [0.25, 16, 1, 16], "texture": "#layer0", "tintindex": 0},
				"down": {"uv": [5.25, 14.25, 4.5, 14.25], "texture": "#layer0", "tintindex": 0}
			}
		}
	],
	"display": {
		"gui": {
			"rotation": [35, 225, 0],
			"scale": [0.625, 0.625, 0.625]
		},
		"head": {
			"translation": [0, -6.4, 0],
			"scale": [3.8095, 3.8095, 3.8095]
		}
	}
}