{
	"credit": "Made with Blockbench",
	"texture_size": [64, 64],
	"textures": {
		"0": "manamodels:entity/orange_ghost",
		"particle": "manamodels:entity/orange_ghost"
	},
	"elements": [
		{
			"name": "body_0",
			"from": [4.1, 2.6, 4.4],
			"to": [11.9, 13.4, 11.6],
			"faces": {
				"north": {"uv": [2, 2, 4.25, 5.5], "texture": "#0", "tintindex": 0},
				"east": {"uv": [0, 2, 2, 5.5], "texture": "#0", "tintindex": 0},
				"south": {"uv": [6.25, 2, 8.5, 5.5], "texture": "#0", "tintindex": 0},
				"west": {"uv": [4.25, 2, 6.25, 5.5], "texture": "#0", "tintindex": 0},
				"up": {"uv": [4.25, 2, 2, 0], "texture": "#0", "tintindex": 0},
				"down": {"uv": [4.25, 0, 6.5, 2], "texture": "#0", "tintindex": 0}
			}
		},
		{
			"name": "body_1",
			"from": [4.4, -0.4, 5.3],
			"to": [11.6, 3.8, 11.9],
			"rotation": {"angle": 0, "axis": "x", "origin": [8, 0.5, 8.6]},
			"faces": {
				"north": {"uv": [1.75, 7.25, 3.75, 8], "texture": "#0", "tintindex": 0},
				"east": {"uv": [0, 7.25, 1.75, 8], "texture": "#0", "tintindex": 0},
				"south": {"uv": [5.5, 7.25, 7.5, 8], "texture": "#0", "tintindex": 0},
				"west": {"uv": [3.75, 7.25, 5.5, 8], "texture": "#0", "tintindex": 0},
				"up": {"uv": [3.75, 7.25, 1.75, 5.5], "texture": "#0", "tintindex": 0},
				"down": {"uv": [3.75, 5.5, 5.75, 7.25], "texture": "#0", "tintindex": 0}
			}
		},
		{
			"name": "visor_0",
			"from": [5, 7.3, 3.5],
			"to": [11, 12.1, 6.5],
			"rotation": {"angle": 0, "axis": "y", "origin": [8, 10, 5]},
			"faces": {
				"north": {"uv": [7, 0.5, 8.75, 1.75], "texture": "#0", "tintindex": 0},
				"east": {"uv": [6.5, 0.5, 7, 1.75], "texture": "#0", "tintindex": 0},
				"south": {"uv": [9.25, 0.5, 11, 1.75], "texture": "#0", "tintindex": 0},
				"west": {"uv": [8.75, 0.5, 9.25, 1.75], "texture": "#0", "tintindex": 0},
				"up": {"uv": [8.75, 0.5, 7, 0], "texture": "#0", "tintindex": 0},
				"down": {"uv": [8.75, 0, 10.5, 0.5], "texture": "#0", "tintindex": 0}
			}
		},
		{
			"name": "back_0",
			"from": [4.7, 3.2, 10.4],
			"to": [11.3, 11.6, 14.6],
			"rotation": {"angle": 0, "axis": "y", "origin": [7.4, -1, 8]},
			"faces": {
				"north": {"uv": [7.5, 8, 9.5, 10.75], "texture": "#0", "tintindex": 0},
				"east": {"uv": [6.5, 8, 7.5, 10.75], "texture": "#0", "tintindex": 0},
				"south": {"uv": [10.5, 8, 12.5, 10.75], "texture": "#0", "tintindex": 0},
				"west": {"uv": [9.5, 8, 10.5, 10.75], "texture": "#0", "tintindex": 0},
				"up": {"uv": [9.5, 8, 7.5, 7], "texture": "#0", "tintindex": 0},
				"down": {"uv": [9.5, 7, 11.5, 8], "texture": "#0", "tintindex": 0}
			}
		}
	],
	"display": {
		"gui": {
			"rotation": [35, 225, 0],
			"scale": [0.625, 0.625, 0.625]
		},
		"head": {
			"translation": [0, -6.4, 0],
			"scale": [3.8095, 3.8095, 3.8095]
		}
	}
}