{
  "file_name": "neck4",
  "texture_size": [
    256,
    256
  ],
  "textures": {
    "layer0": "manamodels:entity/dragon"
  },
  "elements": [
    {
      "name": "neck4_0",
      "from": [
        6.194,
        3.7550476,
        6.4604893
      ],
      "to": [
        9.806,
        7.367048,
        10.07249
      ],
      "rotation": {
        "angle": -45.0,
        "axis": "z",
        "origin": [
          8.0,
          5.5610466,
          6.4664907
        ]
      },
      "faces": {
        "down": {
          "uv": [
            5.625,
            10.375,
            6.0,
            10.75
          ],
          "texture": "#layer0",
          "tintindex": 0
        },
        "east": {
          "uv": [
            1.125,
            10.25,
            1.5,
            10.625
          ],
          "texture": "#layer0",
          "tintindex": 0
        },
        "north": {
          "uv": [
            0.75,
            10.25,
            1.125,
            10.625
          ],
          "texture": "#layer0",
          "tintindex": 0
        },
        "south": {
          "uv": [
            10.25,
            9.5,
            10.625,
            9.875
          ],
          "texture": "#layer0",
          "tintindex": 0
        },
        "up": {
          "uv": [
            1.875,
            10.75,
            1.5,
            10.375
          ],
          "texture": "#layer0",
          "tintindex": 0
        },
        "west": {
          "uv": [
            5.25,
            10.3125,
            5.625,
            10.6875
          ],
          "texture": "#layer0",
          "tintindex": 0
        }
      }
    }
  ],
  "display": {
    "head": {
      "translation": [
        0.0,
        -6.4,
        0.0
      ],
      "rotation": [
        0.0,
        0.0,
        0.0
      ],
      "scale": [
        3.8095,
        3.8095,
        3.8095
      ]
    },
    "gui": {
      "translation": [
        0.0,
        0.0,
        0.0
      ],
      "rotation": [
        35.0,
        225.0,
        0.0
      ],
      "scale": [
        0.625,
        0.625,
        0.625
      ]
    }
  }
}