{
  "file_name": "torso",
  "texture_size": [
    256,
    256
  ],
  "textures": {
    "layer0": "manamodels:entity/dragon"
  },
  "elements": [
    {
      "name": "torso_0",
      "from": [
        4.3999996,
        9.5,
        0.7999997
      ],
      "to": [
        11.6,
        16.7,
        15.2
      ],
      "rotation": {
        "angle": 45.0,
        "axis": "z",
        "origin": [
          8.0,
          13.1,
          8.0
        ]
      },
      "faces": {
        "down": {
          "uv": [
            3.4375,
            7.0625,
            4.1875,
            8.5625
          ],
          "texture": "#layer0",
          "tintindex": 0
        },
        "east": {
          "uv": [
            6.875,
            3.75,
            8.375,
            4.5
          ],
          "texture": "#layer0",
          "tintindex": 0
        },
        "north": {
          "uv": [
            7.625,
            6.125,
            8.375,
            6.875
          ],
          "texture": "#layer0",
          "tintindex": 0
        },
        "south": {
          "uv": [
            0.0,
            8.0,
            0.75,
            8.75
          ],
          "texture": "#layer0",
          "tintindex": 0
        },
        "up": {
          "uv": [
            7.625,
            6.75,
            6.875,
            5.25
          ],
          "texture": "#layer0",
          "tintindex": 0
        },
        "west": {
          "uv": [
            6.875,
            4.5,
            8.375,
            5.25
          ],
          "texture": "#layer0",
          "tintindex": 0
        }
      }
    }
  ],
  "display": {
    "head": {
      "translation": [
        0.0,
        -6.4,
        0.0
      ],
      "rotation": [
        0.0,
        0.0,
        0.0
      ],
      "scale": [
        3.8095,
        3.8095,
        3.8095
      ]
    },
    "gui": {
      "translation": [
        0.0,
        0.0,
        0.0
      ],
      "rotation": [
        35.0,
        225.0,
        0.0
      ],
      "scale": [
        0.625,
        0.625,
        0.625
      ]
    }
  }
}