{
	"credit": "Made with Blockbench",
	"texture_size": [64, 64],
	"textures": {
		"layer0": "manamodels:entity/cyan"
	},
	"elements": [
		{
			"name": "visor_0",
			"from": [5, 16.1, 3.2],
			"to": [11, 20.9, 6.2],
			"faces": {
				"north": {"uv": [13.25, 7.25, 15, 8.5], "texture": "#layer0", "tintindex": 0},
				"east": {"uv": [13.5, 4.75, 14, 6], "texture": "#layer0", "tintindex": 0},
				"south": {"uv": [12.5, 4.5, 14.25, 5.75], "texture": "#layer0", "tintindex": 0},
				"west": {"uv": [12.25, 4.25, 12.75, 5.5], "texture": "#layer0", "tintindex": 0},
				"up": {"uv": [14.75, 6, 13, 5.5], "texture": "#layer0", "tintindex": 0},
				"down": {"uv": [11.25, 5.5, 13, 6], "texture": "#layer0", "tintindex": 0}
			}
		}
	],
	"display": {
		"gui": {
			"rotation": [35, 225, 0],
			"scale": [0.625, 0.625, 0.625]
		},
		"head": {
			"translation": [0, -6.4, 0],
			"scale": [3.8095, 3.8095, 3.8095]
		}
	}
}