{
  "file_name": "bone2",
  "texture_size": [
    128,
    128
  ],
  "textures": {
    "layer0": "manamodels:entity/giant_squid"
  },
  "elements": [
    {
      "name": "bone2_0",
      "from": [
        6.122792,
        2.1499996,
        11.6
      ],
      "to": [
        9.722792,
        3.9499998,
        12.2
      ],
      "rotation": {
        "angle": 0.0,
        "axis": "y",
        "origin": [
          8.0,
          8.0,
          8.0
        ]
      },
      "faces": {
        "east": {
          "uv": [
            1.25,
            11.75,
            1.375,
            12.125
          ],
          "texture": "#layer0",
          "tintindex": 0
        },
        "south": {
          "uv": [
            13.75,
            5.25,
            14.5,
            5.625
          ],
          "texture": "#layer0",
          "tintindex": 0
        },
        "north": {
          "uv": [
            13.75,
            4.875,
            14.5,
            5.25
          ],
          "texture": "#layer0",
          "tintindex": 0
        },
        "west": {
          "uv": [
            1.375,
            11.75,
            1.5,
            12.125
          ],
          "texture": "#layer0",
          "tintindex": 0
        },
        "up": {
          "uv": [
            3.5,
            2.75,
            2.75,
            2.625
          ],
          "texture": "#layer0",
          "tintindex": 0
        },
        "down": {
          "uv": [
            3.5,
            2.625,
            4.25,
            2.75
          ],
          "texture": "#layer0",
          "tintindex": 0
        }
      }
    },
    {
      "name": "bone2_1",
      "from": [
        6.122792,
        2.1499996,
        11.6
      ],
      "to": [
        9.722792,
        3.9499998,
        12.2
      ],
      "rotation": {
        "angle": 0.0,
        "axis": "y",
        "origin": [
          8.0,
          8.0,
          8.0
        ]
      },
      "faces": {
        "east": {
          "uv": [
            1.5,
            11.75,
            1.375,
            12.125
          ],
          "texture": "#layer0",
          "tintindex": 0
        },
        "south": {
          "uv": [
            14.5,
            5.25,
            13.75,
            5.625
          ],
          "texture": "#layer0",
          "tintindex": 0
        },
        "north": {
          "uv": [
            14.5,
            4.875,
            13.75,
            5.25
          ],
          "texture": "#layer0",
          "tintindex": 0
        },
        "west": {
          "uv": [
            1.375,
            11.75,
            1.25,
            12.125
          ],
          "texture": "#layer0",
          "tintindex": 0
        },
        "up": {
          "uv": [
            2.75,
            2.75,
            3.5,
            2.625
          ],
          "texture": "#layer0",
          "tintindex": 0
        },
        "down": {
          "uv": [
            4.25,
            2.625,
            3.5,
            2.75
          ],
          "texture": "#layer0",
          "tintindex": 0
        }
      }
    },
    {
      "name": "bone2_2",
      "from": [
        6.122792,
        -0.25000024,
        11.6
      ],
      "to": [
        9.722792,
        2.1499996,
        12.02
      ],
      "rotation": {
        "angle": 0.0,
        "axis": "y",
        "origin": [
          7.922792,
          -5.05,
          8.0
        ]
      },
      "faces": {
        "east": {
          "uv": [
            14.375,
            3.125,
            14.5,
            3.625
          ],
          "texture": "#layer0",
          "tintindex": 0
        },
        "south": {
          "uv": [
            13.75,
            3.125,
            14.5,
            3.625
          ],
          "texture": "#layer0",
          "tintindex": 0
        },
        "north": {
          "uv": [
            13.75,
            4.875,
            14.5,
            5.25
          ],
          "texture": "#layer0",
          "tintindex": 0
        },
        "west": {
          "uv": [
            14.375,
            3.125,
            14.5,
            3.625
          ],
          "texture": "#layer0",
          "tintindex": 0
        },
        "up": {
          "uv": [
            3.5,
            2.75,
            2.75,
            2.625
          ],
          "texture": "#layer0",
          "tintindex": 0
        },
        "down": {
          "uv": [
            13.75,
            3.5,
            14.5,
            3.625
          ],
          "texture": "#layer0",
          "tintindex": 0
        }
      }
    },
    {
      "name": "bone2_3",
      "from": [
        6.122792,
        -0.25000024,
        11.6
      ],
      "to": [
        9.722792,
        2.1499996,
        12.02
      ],
      "rotation": {
        "angle": 0.0,
        "axis": "y",
        "origin": [
          7.922792,
          -5.05,
          8.0
        ]
      },
      "faces": {
        "east": {
          "uv": [
            14.5,
            3.125,
            14.375,
            3.625
          ],
          "texture": "#layer0",
          "tintindex": 0
        },
        "south": {
          "uv": [
            14.5,
            3.125,
            13.75,
            3.625
          ],
          "texture": "#layer0",
          "tintindex": 0
        },
        "north": {
          "uv": [
            14.5,
            4.875,
            13.75,
            5.25
          ],
          "texture": "#layer0",
          "tintindex": 0
        },
        "west": {
          "uv": [
            14.5,
            3.125,
            14.375,
            3.625
          ],
          "texture": "#layer0",
          "tintindex": 0
        },
        "up": {
          "uv": [
            2.75,
            2.75,
            3.5,
            2.625
          ],
          "texture": "#layer0",
          "tintindex": 0
        },
        "down": {
          "uv": [
            14.5,
            3.5,
            13.75,
            3.625
          ],
          "texture": "#layer0",
          "tintindex": 0
        }
      }
    },
    {
      "name": "bone2_4",
      "from": [
        6.7227917,
        -0.8500004,
        11.6
      ],
      "to": [
        9.122791,
        -0.25000024,
        12.02
      ],
      "rotation": {
        "angle": 0.0,
        "axis": "y",
        "origin": [
          7.922792,
          -5.6500006,
          8.0
        ]
      },
      "faces": {
        "east": {
          "uv": [
            14.125,
            3.75,
            14.25,
            3.875
          ],
          "texture": "#layer0",
          "tintindex": 0
        },
        "south": {
          "uv": [
            13.75,
            3.75,
            14.25,
            3.875
          ],
          "texture": "#layer0",
          "tintindex": 0
        },
        "north": {
          "uv": [
            13.75,
            4.875,
            14.5,
            5.25
          ],
          "texture": "#layer0",
          "tintindex": 0
        },
        "west": {
          "uv": [
            14.125,
            3.75,
            14.25,
            3.875
          ],
          "texture": "#layer0",
          "tintindex": 0
        },
        "up": {
          "uv": [
            3.5,
            2.75,
            2.75,
            2.625
          ],
          "texture": "#layer0",
          "tintindex": 0
        },
        "down": {
          "uv": [
            13.75,
            3.75,
            14.25,
            3.875
          ],
          "texture": "#layer0",
          "tintindex": 0
        }
      }
    },
    {
      "name": "bone2_5",
      "from": [
        6.7227917,
        -0.8500004,
        11.6
      ],
      "to": [
        9.122791,
        -0.25000024,
        12.02
      ],
      "rotation": {
        "angle": 0.0,
        "axis": "y",
        "origin": [
          7.922792,
          -5.6500006,
          8.0
        ]
      },
      "faces": {
        "east": {
          "uv": [
            14.25,
            3.75,
            14.125,
            3.875
          ],
          "texture": "#layer0",
          "tintindex": 0
        },
        "south": {
          "uv": [
            14.25,
            3.75,
            13.75,
            3.875
          ],
          "texture": "#layer0",
          "tintindex": 0
        },
        "north": {
          "uv": [
            14.5,
            4.875,
            13.75,
            5.25
          ],
          "texture": "#layer0",
          "tintindex": 0
        },
        "west": {
          "uv": [
            14.25,
            3.75,
            14.125,
            3.875
          ],
          "texture": "#layer0",
          "tintindex": 0
        },
        "up": {
          "uv": [
            2.75,
            2.75,
            3.5,
            2.625
          ],
          "texture": "#layer0",
          "tintindex": 0
        },
        "down": {
          "uv": [
            14.25,
            3.75,
            13.75,
            3.875
          ],
          "texture": "#layer0",
          "tintindex": 0
        }
      }
    }
  ],
  "display": {
    "head": {
      "translation": [
        0.0,
        -6.4,
        0.0
      ],
      "rotation": [
        0.0,
        0.0,
        0.0
      ],
      "scale": [
        3.8095,
        3.8095,
        3.8095
      ]
    },
    "gui": {
      "translation": [
        0.0,
        0.0,
        0.0
      ],
      "rotation": [
        35.0,
        225.0,
        0.0
      ],
      "scale": [
        0.625,
        0.625,
        0.625
      ]
    }
  }
}