{
  "file_name": "bone8",
  "texture_size": [
    128,
    128
  ],
  "textures": {
    "layer0": "manamodels:entity/giant_squid"
  },
  "elements": [
    {
      "name": "bone8_0",
      "from": [
        6.122792,
        25.399998,
        6.2
      ],
      "to": [
        9.722792,
        32.0,
        9.8
      ],
      "rotation": {
        "angle": 0.0,
        "axis": "z",
        "origin": [
          8.0,
          0.6499977,
          8.0
        ]
      },
      "faces": {
        "east": {
          "uv": [
            5.25,
            10.0,
            6.0,
            11.375
          ],
          "texture": "#layer0",
          "tintindex": 0
        },
        "south": {
          "uv": [
            5.25,
            10.0,
            6.0,
            11.375
          ],
          "texture": "#layer0",
          "tintindex": 0
        },
        "north": {
          "uv": [
            5.25,
            10.0,
            6.0,
            11.375
          ],
          "texture": "#layer0",
          "tintindex": 0
        },
        "west": {
          "uv": [
            5.25,
            10.0,
            6.0,
            11.375
          ],
          "texture": "#layer0",
          "tintindex": 0
        },
        "up": {
          "uv": [
            8.125,
            7.25,
            7.375,
            6.5
          ],
          "texture": "#layer0",
          "tintindex": 0
        },
        "down": {
          "uv": [
            8.125,
            6.5,
            8.875,
            7.25
          ],
          "texture": "#layer0",
          "tintindex": 0
        }
      }
    }
  ],
  "display": {
    "head": {
      "translation": [
        0.0,
        21.599834,
        0.0
      ],
      "rotation": [
        0.0,
        0.0,
        0.0
      ],
      "scale": [
        3.8095,
        3.8095,
        3.8095
      ]
    },
    "gui": {
      "translation": [
        0.0,
        0.0,
        0.0
      ],
      "rotation": [
        35.0,
        225.0,
        0.0
      ],
      "scale": [
        0.625,
        0.625,
        0.625
      ]
    }
  }
}