{
  "file_name": "bone48",
  "texture_size": [
    128,
    128
  ],
  "textures": {
    "layer0": "manamodels:entity/giant_squid"
  },
  "elements": [
    {
      "name": "bone48_0",
      "from": [
        6.5,
        0.7999997,
        7.73
      ],
      "to": [
        9.5,
        5.6,
        8.33
      ],
      "rotation": {
        "angle": -22.5,
        "axis": "z",
        "origin": [
          8.0,
          1.0999997,
          7.73
        ]
      },
      "faces": {
        "east": {
          "uv": [
            0.875,
            14.25,
            0.75,
            15.25
          ],
          "texture": "#layer0",
          "tintindex": 0
        },
        "south": {
          "uv": [
            12.25,
            7.0,
            11.625,
            8.0
          ],
          "texture": "#layer0",
          "tintindex": 0
        },
        "north": {
          "uv": [
            12.25,
            11.625,
            11.625,
            12.625
          ],
          "texture": "#layer0",
          "tintindex": 0
        },
        "west": {
          "uv": [
            5.375,
            14.0,
            5.25,
            15.0
          ],
          "texture": "#layer0",
          "tintindex": 0
        },
        "up": {
          "uv": [
            5.125,
            8.875,
            5.75,
            8.75
          ],
          "texture": "#layer0",
          "tintindex": 0
        },
        "down": {
          "uv": [
            7.125,
            8.875,
            6.5,
            9.0
          ],
          "texture": "#layer0",
          "tintindex": 0
        }
      }
    },
    {
      "name": "bone48_1",
      "from": [
        6.5,
        0.7999997,
        7.76
      ],
      "to": [
        9.5,
        5.6,
        8.285
      ],
      "rotation": {
        "angle": 22.5,
        "axis": "z",
        "origin": [
          8.0,
          1.0999997,
          7.73
        ]
      },
      "faces": {
        "east": {
          "uv": [
            14.375,
            5.875,
            14.25,
            6.875
          ],
          "texture": "#layer0",
          "tintindex": 0
        },
        "south": {
          "uv": [
            7.125,
            11.75,
            6.5,
            12.75
          ],
          "texture": "#layer0",
          "tintindex": 0
        },
        "north": {
          "uv": [
            12.25,
            9.875,
            11.625,
            10.875
          ],
          "texture": "#layer0",
          "tintindex": 0
        },
        "west": {
          "uv": [
            1.0,
            14.25,
            0.875,
            15.25
          ],
          "texture": "#layer0",
          "tintindex": 0
        },
        "up": {
          "uv": [
            10.125,
            7.75,
            10.75,
            7.625
          ],
          "texture": "#layer0",
          "tintindex": 0
        },
        "down": {
          "uv": [
            11.375,
            7.625,
            10.75,
            7.75
          ],
          "texture": "#layer0",
          "tintindex": 0
        }
      }
    },
    {
      "name": "bone48_2",
      "from": [
        7.1,
        -1.0000005,
        7.4300003
      ],
      "to": [
        10.1,
        1.9999998,
        8.63
      ],
      "rotation": {
        "angle": -45.0,
        "axis": "z",
        "origin": [
          8.0,
          1.0999997,
          7.73
        ]
      },
      "faces": {
        "east": {
          "uv": [
            1.5,
            11.125,
            1.25,
            11.75
          ],
          "texture": "#layer0",
          "tintindex": 0
        },
        "south": {
          "uv": [
            10.0,
            13.625,
            9.375,
            14.25
          ],
          "texture": "#layer0",
          "tintindex": 0
        },
        "north": {
          "uv": [
            14.125,
            12.0,
            13.5,
            12.625
          ],
          "texture": "#layer0",
          "tintindex": 0
        },
        "west": {
          "uv": [
            6.25,
            4.125,
            6.0,
            4.75
          ],
          "texture": "#layer0",
          "tintindex": 0
        },
        "up": {
          "uv": [
            12.25,
            12.125,
            12.875,
            11.875
          ],
          "texture": "#layer0",
          "tintindex": 0
        },
        "down": {
          "uv": [
            14.375,
            5.625,
            13.75,
            5.875
          ],
          "texture": "#layer0",
          "tintindex": 0
        }
      }
    }
  ],
  "display": {
    "head": {
      "translation": [
        0.0,
        -6.4,
        0.0
      ],
      "rotation": [
        0.0,
        0.0,
        0.0
      ],
      "scale": [
        3.8095,
        3.8095,
        3.8095
      ]
    },
    "gui": {
      "translation": [
        0.0,
        0.0,
        0.0
      ],
      "rotation": [
        35.0,
        225.0,
        0.0
      ],
      "scale": [
        0.625,
        0.625,
        0.625
      ]
    }
  }
}