{
	"credit": "Made with Blockbench",
	"texture_size": [64, 64],
	"textures": {
		"layer0": "manamodels:entity/green_link"
	},
	"elements": [
		{
			"name": "back_0",
			"from": [5.3, 12.2, 10.4],
			"to": [11.9, 20.6, 14.6],
			"faces": {
				"north": {"uv": [11.25, 9.5, 13.25, 12.25], "texture": "#layer0", "tintindex": 0},
				"east": {"uv": [10.75, 12.75, 11.75, 15.5], "texture": "#layer0", "tintindex": 0},
				"south": {"uv": [9.25, 13.25, 11.25, 16], "texture": "#layer0", "tintindex": 0},
				"west": {"uv": [9.5, 11.25, 10.5, 14], "texture": "#layer0", "tintindex": 0},
				"up": {"uv": [14, 16, 12, 15], "texture": "#layer0", "tintindex": 0},
				"down": {"uv": [13.25, 8, 15.25, 9], "texture": "#layer0", "tintindex": 0}
			}
		}
	],
	"display": {
		"gui": {
			"rotation": [35, 225, 0],
			"scale": [0.625, 0.625, 0.625]
		},
		"head": {
			"translation": [0, -6.4, 0],
			"scale": [3.8095, 3.8095, 3.8095]
		}
	}
}