{
	"credit": "Made with Blockbench",
	"texture_size": [64, 64],
	"textures": {
		"layer0": "manamodels:entity/yellow_minion"
	},
	"elements": [
		{
			"name": "rightleg_0",
			"from": [6.2, 0.32, 5.9],
			"to": [9.8, 4.52, 10.1],
			"faces": {
				"north": {"uv": [5.25, 8, 6.25, 9.25], "texture": "#layer0", "tintindex": 0},
				"east": {"uv": [7.5, 1, 8.75, 2.25], "texture": "#layer0", "tintindex": 0},
				"south": {"uv": [0, 8.25, 1, 9.5], "texture": "#layer0", "tintindex": 0},
				"west": {"uv": [7.5, 2.25, 8.75, 3.5], "texture": "#layer0", "tintindex": 0},
				"up": {"uv": [2, 9.5, 1, 8.25], "texture": "#layer0", "tintindex": 0},
				"down": {"uv": [2, 8.5, 3, 9.75], "texture": "#layer0", "tintindex": 0}
			}
		}
	],
	"display": {
		"gui": {
			"rotation": [35, 225, 0],
			"scale": [0.625, 0.625, 0.625]
		},
		"head": {
			"translation": [0, -6.4, 0],
			"scale": [3.8095, 3.8095, 3.8095]
		}
	}
}