{
	"credit": "Made with Blockbench",
	"texture_size": [64, 64],
	"textures": {
		"layer0": "manamodels:entity/blue_sonic"
	},
	"elements": [
		{
			"name": "back_0",
			"from": [5.3, 12.2, 10.4],
			"to": [11.9, 20.6, 14.6],
			"faces": {
				"north": {"uv": [10.25, 12.5, 12.25, 15.25], "texture": "#layer0", "tintindex": 0},
				"east": {"uv": [2, 13.25, 3, 16], "texture": "#layer0", "tintindex": 0},
				"south": {"uv": [6.5, 13.25, 8.5, 16], "texture": "#layer0", "tintindex": 0},
				"west": {"uv": [3.75, 13.25, 4.75, 16], "texture": "#layer0", "tintindex": 0},
				"up": {"uv": [12.25, 14.25, 10.25, 13.25], "texture": "#layer0", "tintindex": 0},
				"down": {"uv": [11.25, 14.25, 13.25, 15.25], "texture": "#layer0", "tintindex": 0}
			}
		}
	],
	"display": {
		"gui": {
			"rotation": [35, 225, 0],
			"scale": [0.625, 0.625, 0.625]
		},
		"head": {
			"translation": [0, -6.4, 0],
			"scale": [3.8095, 3.8095, 3.8095]
		}
	}
}