{
	"credit": "Made with Blockbench",
	"texture_size": [64, 64],
	"textures": {
		"layer0": "manamodels:entity/white"
	},
	"elements": [
		{
			"name": "visor_0",
			"from": [5, 16.1, 3.2],
			"to": [11, 20.9, 6.2],
			"faces": {
				"north": {"uv": [11, 3.75, 12.75, 5], "texture": "#layer0", "tintindex": 0},
				"east": {"uv": [13.5, 5.5, 14, 6.75], "texture": "#layer0", "tintindex": 0},
				"south": {"uv": [12.25, 2.5, 14, 3.75], "texture": "#layer0", "tintindex": 0},
				"west": {"uv": [12.25, 4.5, 12.75, 5.75], "texture": "#layer0", "tintindex": 0},
				"up": {"uv": [15.5, 6.75, 13.75, 6], "texture": "#layer0", "tintindex": 0},
				"down": {"uv": [12.75, 4.25, 14.5, 4.75], "texture": "#layer0", "tintindex": 0}
			}
		}
	],
	"display": {
		"gui": {
			"rotation": [35, 225, 0],
			"scale": [0.625, 0.625, 0.625]
		},
		"head": {
			"translation": [0, -6.4, 0],
			"scale": [3.8095, 3.8095, 3.8095]
		}
	}
}