{
	"credit": "Made with Blockbench",
	"texture_size": [128, 128],
	"textures": {
		"layer0": "manamodels:entity/gorilla"
	},
	"elements": [
		{
			"name": "head_0",
			"from": [5.6, 8, 5.6],
			"to": [10.4, 12.8, 10.4],
			"faces": {
				"north": {"uv": [5.875, 3.75, 6.875, 4.75], "texture": "#layer0", "tintindex": 0},
				"east": {"uv": [4.5, 6, 5.5, 7], "texture": "#layer0", "tintindex": 0},
				"south": {"uv": [5.5, 6, 6.5, 7], "texture": "#layer0", "tintindex": 0},
				"west": {"uv": [6.125, 0, 7.125, 1], "texture": "#layer0", "tintindex": 0},
				"up": {"uv": [7.125, 2, 6.125, 1], "texture": "#layer0", "tintindex": 0},
				"down": {"uv": [6.25, 4.75, 7.25, 5.75], "texture": "#layer0", "tintindex": 0}
			}
		},
		{
			"name": "head_1",
			"from": [6.2, 8, 4.4],
			"to": [9.8, 10.4, 5.6],
			"faces": {
				"north": {"uv": [2.75, 2.25, 3.5, 2.75], "texture": "#layer0", "tintindex": 0},
				"east": {"uv": [4, 1.25, 4.25, 1.75], "texture": "#layer0", "tintindex": 0},
				"south": {"uv": [3.5, 2.25, 4.25, 2.75], "texture": "#layer0", "tintindex": 0},
				"west": {"uv": [4, 1.75, 4.25, 2.25], "texture": "#layer0", "tintindex": 0},
				"up": {"uv": [10.125, 3.125, 9.375, 2.875], "texture": "#layer0", "tintindex": 0},
				"down": {"uv": [9.375, 3.125, 10.125, 3.375], "texture": "#layer0", "tintindex": 0}
			}
		},
		{
			"name": "head_2",
			"from": [10.4, 9.2, 6.8],
			"to": [11, 11.6, 8.6],
			"faces": {
				"north": {"uv": [1.875, 4.75, 2, 5.25], "texture": "#layer0", "tintindex": 0},
				"east": {"uv": [8.5, 9.25, 8.875, 9.75], "texture": "#layer0", "tintindex": 0},
				"south": {"uv": [1.875, 5.25, 2, 5.75], "texture": "#layer0", "tintindex": 0},
				"west": {"uv": [9.375, 7.875, 9.75, 8.375], "texture": "#layer0", "tintindex": 0},
				"up": {"uv": [1, 7.875, 0.875, 7.5], "texture": "#layer0", "tintindex": 0},
				"down": {"uv": [8.125, 3.875, 8.25, 4.25], "texture": "#layer0", "tintindex": 0}
			}
		},
		{
			"name": "head_3",
			"from": [5, 9.2, 6.8],
			"to": [5.6, 11.6, 8.6],
			"faces": {
				"north": {"uv": [6.625, 2, 6.75, 2.5], "texture": "#layer0", "tintindex": 0},
				"east": {"uv": [2.5, 9.5, 2.875, 10], "texture": "#layer0", "tintindex": 0},
				"south": {"uv": [6.75, 3, 6.875, 3.5], "texture": "#layer0", "tintindex": 0},
				"west": {"uv": [2.875, 9.5, 3.25, 10], "texture": "#layer0", "tintindex": 0},
				"up": {"uv": [8.25, 4.625, 8.125, 4.25], "texture": "#layer0", "tintindex": 0},
				"down": {"uv": [0.625, 8.375, 0.75, 8.75], "texture": "#layer0", "tintindex": 0}
			}
		}
	],
	"gui_light": "front",
	"display": {
		"gui": {
			"rotation": [35, 225, 0],
			"translation": [0, -3.75, 0],
			"scale": [2, 2, 2]
		},
		"head": {
			"translation": [0, -6.4, 0],
			"scale": [3.8095, 3.8095, 3.8095]
		}
	}
}