{
  "file_name": "finger3_3_left",
  "texture_size": [
    128,
    128
  ],
  "textures": {
    "layer0": "manamodels:entity/mole"
  },
  "elements": [
    {
      "name": "finger3_3_left_0",
      "from": [
        8.0,
        5.3,
        7.55
      ],
      "to": [
        8.9,
        8.0,
        8.45
      ],
      "rotation": {
        "angle": 0.0,
        "axis": "z",
        "origin": [
          8.0,
          8.0,
          8.0
        ]
      },
      "faces": {
        "down": {
          "uv": [
            8.75,
            0.625,
            8.625,
            0.75
          ],
          "texture": "#layer0",
          "tintindex": 0
        },
        "east": {
          "uv": [
            1.125,
            8.625,
            1.0,
            9.125
          ],
          "texture": "#layer0",
          "tintindex": 0
        },
        "north": {
          "uv": [
            0.75,
            8.625,
            0.625,
            9.125
          ],
          "texture": "#layer0",
          "tintindex": 0
        },
        "south": {
          "uv": [
            1.0,
            8.625,
            0.875,
            9.125
          ],
          "texture": "#layer0",
          "tintindex": 0
        },
        "up": {
          "uv": [
            8.625,
            0.625,
            8.75,
            0.5
          ],
          "texture": "#layer0",
          "tintindex": 0
        },
        "west": {
          "uv": [
            0.875,
            8.625,
            0.75,
            9.125
          ],
          "texture": "#layer0",
          "tintindex": 0
        }
      }
    }
  ],
  "display": {
    "head": {
      "translation": [
        0.0,
        -6.4,
        0.0
      ],
      "rotation": [
        0.0,
        0.0,
        0.0
      ],
      "scale": [
        3.8095,
        3.8095,
        3.8095
      ]
    },
    "gui": {
      "translation": [
        0.0,
        0.0,
        0.0
      ],
      "rotation": [
        35.0,
        225.0,
        0.0
      ],
      "scale": [
        0.625,
        0.625,
        0.625
      ]
    }
  }
}