{
  "file_name": "tail",
  "texture_size": [
    64,
    64
  ],
  "textures": {
    "layer0": "manamodels:entity/orange_antfrost_corpse"
  },
  "elements": [
    {
      "name": "tail_0",
      "from": [
        7.4,
        2.2999997,
        7.7
      ],
      "to": [
        8.6,
        8.9,
        8.9
      ],
      "rotation": {
        "angle": 0.0,
        "axis": "x",
        "origin": [
          8.0,
          8.3,
          8.3
        ]
      },
      "faces": {
        "down": {
          "uv": [
            9.5,
            0.0,
            10.0,
            0.5
          ],
          "texture": "#layer0",
          "tintindex": 0
        },
        "east": {
          "uv": [
            8.5,
            0.5,
            9.0,
            3.25
          ],
          "texture": "#layer0",
          "tintindex": 0
        },
        "north": {
          "uv": [
            9.0,
            0.5,
            9.5,
            3.25
          ],
          "texture": "#layer0",
          "tintindex": 0
        },
        "south": {
          "uv": [
            10.0,
            0.5,
            10.5,
            3.25
          ],
          "texture": "#layer0",
          "tintindex": 0
        },
        "up": {
          "uv": [
            9.5,
            0.5,
            9.0,
            0.0
          ],
          "texture": "#layer0",
          "tintindex": 0
        },
        "west": {
          "uv": [
            9.5,
            0.5,
            10.0,
            3.25
          ],
          "texture": "#layer0",
          "tintindex": 0
        }
      }
    }
  ],
  "display": {
    "head": {
      "translation": [
        0.0,
        -6.4,
        0.0
      ],
      "rotation": [
        0.0,
        0.0,
        0.0
      ],
      "scale": [
        3.8095,
        3.8095,
        3.8095
      ]
    },
    "gui": {
      "translation": [
        0.0,
        0.0,
        0.0
      ],
      "rotation": [
        35.0,
        225.0,
        0.0
      ],
      "scale": [
        0.625,
        0.625,
        0.625
      ]
    }
  }
}