{
	"credit": "Made with Blockbench",
	"texture_size": [64, 64],
	"textures": {
		"layer0": "manamodels:entity/black_badboyhalo_corpse"
	},
	"elements": [
		{
			"name": "body_0",
			"from": [1.4, 6.8, 3.8],
			"to": [9.2, 15.8, 11],
			"faces": {
				"north": {"uv": [0, 7.25, 2.25, 10], "texture": "#layer0", "tintindex": 0},
				"east": {"uv": [4.5, 7.5, 6.5, 10.25], "texture": "#layer0", "tintindex": 0},
				"south": {"uv": [2.25, 7.5, 4.5, 10.25], "texture": "#layer0", "tintindex": 0},
				"west": {"uv": [6.5, 7.5, 8.5, 10.25], "texture": "#layer0", "tintindex": 0},
				"up": {"uv": [16, 13, 13.75, 11], "texture": "#layer0", "tintindex": 0},
				"down": {"uv": [4.25, 10.25, 6.5, 12.25], "texture": "#layer0", "tintindex": 0}
			}
		},
		{
			"name": "body_1",
			"from": [4.1, 15.2, 6.2],
			"to": [6.5, 17.6, 8.6],
			"faces": {
				"north": {"uv": [7.75, 0, 8.25, 0.5], "texture": "#layer0", "tintindex": 0},
				"east": {"uv": [5.5, 0, 6, 0.5], "texture": "#layer0", "tintindex": 0},
				"south": {"uv": [4.75, 0, 5.25, 0.5], "texture": "#layer0", "tintindex": 0},
				"west": {"uv": [7, 0, 7.5, 0.5], "texture": "#layer0", "tintindex": 0},
				"up": {"uv": [6.75, 0.5, 6.25, 0], "texture": "#layer0", "tintindex": 0},
				"down": {"uv": [4, 6, 4.5, 6.5], "texture": "#layer0", "tintindex": 0}
			}
		},
		{
			"name": "body_2",
			"from": [5.6, 17, 6.2],
			"to": [8, 19.4, 8.6],
			"faces": {
				"north": {"uv": [13.75, 6.25, 14.25, 6.75], "texture": "#layer0", "tintindex": 0},
				"east": {"uv": [13.75, 5.5, 14.25, 6], "texture": "#layer0", "tintindex": 0},
				"south": {"uv": [14.5, 5.5, 15, 6], "texture": "#layer0", "tintindex": 0},
				"west": {"uv": [15.25, 6.25, 15.75, 6.75], "texture": "#layer0", "tintindex": 0},
				"up": {"uv": [15.75, 6, 15.25, 5.5], "texture": "#layer0", "tintindex": 0},
				"down": {"uv": [14.5, 6.25, 15, 6.75], "texture": "#layer0", "tintindex": 0}
			}
		},
		{
			"name": "body_3",
			"from": [2.6, 17, 6.2],
			"to": [5, 19.4, 8.6],
			"faces": {
				"north": {"uv": [0.5, 14.25, 1, 14.75], "texture": "#layer0", "tintindex": 0},
				"east": {"uv": [0.5, 13.5, 1, 14], "texture": "#layer0", "tintindex": 0},
				"south": {"uv": [2, 14.25, 2.5, 14.75], "texture": "#layer0", "tintindex": 0},
				"west": {"uv": [2.75, 14.25, 3.25, 14.75], "texture": "#layer0", "tintindex": 0},
				"up": {"uv": [1.75, 14.75, 1.25, 14.25], "texture": "#layer0", "tintindex": 0},
				"down": {"uv": [1.25, 13.5, 1.75, 14], "texture": "#layer0", "tintindex": 0}
			}
		}
	],
	"display": {
		"gui": {
			"rotation": [35, 225, 0],
			"scale": [0.625, 0.625, 0.625]
		},
		"head": {
			"translation": [0, -6.4, 0],
			"scale": [3.8095, 3.8095, 3.8095]
		}
	}
}