{
  "file_name": "neck2",
  "texture_size": [
    256,
    256
  ],
  "textures": {
    "layer0": "manamodels:entity/dragon"
  },
  "elements": [
    {
      "name": "neck2_0",
      "from": [
        5.594,
        2.3320627,
        5.9493265
      ],
      "to": [
        10.406,
        7.144063,
        10.761327
      ],
      "rotation": {
        "angle": -45.0,
        "axis": "z",
        "origin": [
          8.0,
          4.738063,
          7.1553264
        ]
      },
      "faces": {
        "down": {
          "uv": [
            3.875,
            9.6875,
            4.375,
            10.1875
          ],
          "texture": "#layer0",
          "tintindex": 0
        },
        "east": {
          "uv": [
            9.5,
            6.8125,
            10.0,
            7.3125
          ],
          "texture": "#layer0",
          "tintindex": 0
        },
        "north": {
          "uv": [
            3.375,
            9.5,
            3.875,
            10.0
          ],
          "texture": "#layer0",
          "tintindex": 0
        },
        "south": {
          "uv": [
            9.5,
            7.3125,
            10.0,
            7.8125
          ],
          "texture": "#layer0",
          "tintindex": 0
        },
        "up": {
          "uv": [
            8.75,
            10.125,
            8.25,
            9.625
          ],
          "texture": "#layer0",
          "tintindex": 0
        },
        "west": {
          "uv": [
            9.5,
            9.0,
            10.0,
            9.5
          ],
          "texture": "#layer0",
          "tintindex": 0
        }
      }
    }
  ],
  "display": {
    "head": {
      "translation": [
        0.0,
        -6.4,
        0.0
      ],
      "rotation": [
        0.0,
        0.0,
        0.0
      ],
      "scale": [
        3.8095,
        3.8095,
        3.8095
      ]
    },
    "gui": {
      "translation": [
        0.0,
        0.0,
        0.0
      ],
      "rotation": [
        35.0,
        225.0,
        0.0
      ],
      "scale": [
        0.625,
        0.625,
        0.625
      ]
    }
  }
}