{
  "file_name": "tail5",
  "texture_size": [
    256,
    256
  ],
  "textures": {
    "layer0": "manamodels:entity/dragon"
  },
  "elements": [
    {
      "name": "tail5_0",
      "from": [
        6.2,
        4.0637827,
        6.961094
      ],
      "to": [
        9.8,
        7.663783,
        10.561094
      ],
      "rotation": {
        "angle": -45.0,
        "axis": "z",
        "origin": [
          8.0,
          5.863783,
          7.261094
        ]
      },
      "faces": {
        "down": {
          "uv": [
            1.5,
            10.75,
            1.875,
            11.125
          ],
          "texture": "#layer0",
          "tintindex": 0
        },
        "east": {
          "uv": [
            10.625,
            10.25,
            11.0,
            10.625
          ],
          "texture": "#layer0",
          "tintindex": 0
        },
        "north": {
          "uv": [
            10.625,
            9.3125,
            11.0,
            9.6875
          ],
          "texture": "#layer0",
          "tintindex": 0
        },
        "south": {
          "uv": [
            4.25,
            10.6875,
            4.625,
            11.0625
          ],
          "texture": "#layer0",
          "tintindex": 0
        },
        "up": {
          "uv": [
            5.625,
            11.0625,
            5.25,
            10.6875
          ],
          "texture": "#layer0",
          "tintindex": 0
        },
        "west": {
          "uv": [
            4.625,
            10.6875,
            5.0,
            11.0625
          ],
          "texture": "#layer0",
          "tintindex": 0
        }
      }
    }
  ],
  "display": {
    "head": {
      "translation": [
        0.0,
        -6.4,
        0.0
      ],
      "rotation": [
        0.0,
        0.0,
        0.0
      ],
      "scale": [
        3.8095,
        3.8095,
        3.8095
      ]
    },
    "gui": {
      "translation": [
        0.0,
        0.0,
        0.0
      ],
      "rotation": [
        35.0,
        225.0,
        0.0
      ],
      "scale": [
        0.625,
        0.625,
        0.625
      ]
    }
  }
}