{
  "file_name": "rightarm",
  "texture_size": [
    64,
    64
  ],
  "textures": {
    "layer0": "manamodels:entity/alien"
  },
  "elements": [
    {
      "name": "rightarm_0",
      "from": [
        8.0,
        1.9999995,
        7.25
      ],
      "to": [
        9.2,
        6.2,
        8.45
      ],
      "rotation": {
        "angle": 45.0,
        "axis": "x",
        "origin": [
          8.0,
          5.6000004,
          7.25
        ]
      },
      "faces": {
        "down": {
          "uv": [
            7.25,
            4.5,
            7.75,
            5.0
          ],
          "texture": "#layer0",
          "tintindex": 0
        },
        "east": {
          "uv": [
            6.0,
            1.75,
            6.5,
            3.5
          ],
          "texture": "#layer0",
          "tintindex": 0
        },
        "north": {
          "uv": [
            6.0,
            0.0,
            6.5,
            1.75
          ],
          "texture": "#layer0",
          "tintindex": 0
        },
        "south": {
          "uv": [
            1.5,
            6.25,
            2.0,
            8.0
          ],
          "texture": "#layer0",
          "tintindex": 0
        },
        "up": {
          "uv": [
            7.75,
            7.75,
            7.25,
            7.25
          ],
          "texture": "#layer0",
          "tintindex": 0
        },
        "west": {
          "uv": [
            2.0,
            6.25,
            2.5,
            8.0
          ],
          "texture": "#layer0",
          "tintindex": 0
        }
      }
    },
    {
      "name": "rightarm_1",
      "from": [
        8.0,
        5.1757336,
        7.322792
      ],
      "to": [
        9.2,
        8.775734,
        8.522792
      ],
      "rotation": {
        "angle": 0.0,
        "axis": "z",
        "origin": [
          8.0,
          8.0,
          8.0
        ]
      },
      "faces": {
        "down": {
          "uv": [
            4.25,
            7.25,
            4.75,
            7.75
          ],
          "texture": "#layer0",
          "tintindex": 0
        },
        "east": {
          "uv": [
            5.5,
            6.25,
            6.0,
            7.75
          ],
          "texture": "#layer0",
          "tintindex": 0
        },
        "north": {
          "uv": [
            5.0,
            6.25,
            5.5,
            7.75
          ],
          "texture": "#layer0",
          "tintindex": 0
        },
        "south": {
          "uv": [
            6.0,
            6.25,
            6.5,
            7.75
          ],
          "texture": "#layer0",
          "tintindex": 0
        },
        "up": {
          "uv": [
            7.5,
            3.0,
            7.0,
            2.5
          ],
          "texture": "#layer0",
          "tintindex": 0
        },
        "west": {
          "uv": [
            0.0,
            6.5,
            0.5,
            8.0
          ],
          "texture": "#layer0",
          "tintindex": 0
        }
      }
    },
    {
      "name": "rightarm_2",
      "from": [
        8.6,
        0.7999995,
        7.25
      ],
      "to": [
        9.2,
        1.9999995,
        8.45
      ],
      "rotation": {
        "angle": 45.0,
        "axis": "x",
        "origin": [
          8.0,
          5.6000004,
          7.25
        ]
      },
      "faces": {
        "down": {
          "uv": [
            6.5,
            3.0,
            6.75,
            3.5
          ],
          "texture": "#layer0",
          "tintindex": 0
        },
        "east": {
          "uv": [
            7.25,
            5.0,
            7.75,
            5.5
          ],
          "texture": "#layer0",
          "tintindex": 0
        },
        "north": {
          "uv": [
            5.75,
            1.75,
            6.0,
            2.25
          ],
          "texture": "#layer0",
          "tintindex": 0
        },
        "south": {
          "uv": [
            2.5,
            6.25,
            2.75,
            6.75
          ],
          "texture": "#layer0",
          "tintindex": 0
        },
        "up": {
          "uv": [
            0.75,
            7.0,
            0.5,
            6.5
          ],
          "texture": "#layer0",
          "tintindex": 0
        },
        "west": {
          "uv": [
            7.25,
            5.5,
            7.75,
            6.0
          ],
          "texture": "#layer0",
          "tintindex": 0
        }
      }
    },
    {
      "name": "rightarm_3",
      "from": [
        8.0,
        0.7999995,
        7.25
      ],
      "to": [
        8.6,
        1.3999995,
        8.45
      ],
      "rotation": {
        "angle": 45.0,
        "axis": "x",
        "origin": [
          8.0,
          5.6000004,
          7.25
        ]
      },
      "faces": {
        "down": {
          "uv": [
            7.5,
            2.5,
            7.75,
            3.0
          ],
          "texture": "#layer0",
          "tintindex": 0
        },
        "east": {
          "uv": [
            1.0,
            7.5,
            1.5,
            7.75
          ],
          "texture": "#layer0",
          "tintindex": 0
        },
        "north": {
          "uv": [
            6.5,
            6.25,
            6.75,
            6.5
          ],
          "texture": "#layer0",
          "tintindex": 0
        },
        "south": {
          "uv": [
            7.5,
            3.0,
            7.75,
            3.25
          ],
          "texture": "#layer0",
          "tintindex": 0
        },
        "up": {
          "uv": [
            5.0,
            7.75,
            4.75,
            7.25
          ],
          "texture": "#layer0",
          "tintindex": 0
        },
        "west": {
          "uv": [
            7.5,
            2.25,
            8.0,
            2.5
          ],
          "texture": "#layer0",
          "tintindex": 0
        }
      }
    }
  ],
  "display": {
    "head": {
      "translation": [
        0.0,
        -6.4,
        0.0
      ],
      "rotation": [
        0.0,
        0.0,
        0.0
      ],
      "scale": [
        3.8095,
        3.8095,
        3.8095
      ]
    },
    "gui": {
      "translation": [
        0.0,
        0.0,
        0.0
      ],
      "rotation": [
        35.0,
        225.0,
        0.0
      ],
      "scale": [
        0.625,
        0.625,
        0.625
      ]
    }
  }
}