{
	"credit": "Made with Blockbench",
	"texture_size": [64, 64],
	"textures": {
		"layer0": "manamodels:entity/black_batman"
	},
	"elements": [
		{
			"name": "visor_0",
			"from": [5, 5.3, 6.5],
			"to": [11, 10.1, 9.5],
			"faces": {
				"north": {"uv": [13.75, 9.5, 15.5, 10.75], "texture": "#layer0", "tintindex": 0},
				"east": {"uv": [11.75, 8.75, 12.25, 10], "texture": "#layer0", "tintindex": 0},
				"south": {"uv": [9.75, 12, 11.5, 13.25], "texture": "#layer0", "tintindex": 0},
				"west": {"uv": [15.5, 9.25, 16, 10.5], "texture": "#layer0", "tintindex": 0},
				"up": {"uv": [14.5, 10.5, 12.75, 10], "texture": "#layer0", "tintindex": 0},
				"down": {"uv": [14.25, 10.5, 16, 11], "texture": "#layer0", "tintindex": 0}
			}
		}
	],
	"display": {
		"gui": {
			"rotation": [35, 225, 0],
			"scale": [0.625, 0.625, 0.625]
		},
		"head": {
			"translation": [0, -6.4, 0],
			"scale": [3.8095, 3.8095, 3.8095]
		}
	}
}