{
  "file_name": "backleg_foot_right",
  "texture_size": [
    64,
    64
  ],
  "textures": {
    "layer0": "manamodels:entity/tiger"
  },
  "elements": [
    {
      "name": "backleg_foot_right_0",
      "from": [
        6.7939997,
        6.194,
        6.7939997
      ],
      "to": [
        9.206,
        8.0060005,
        10.406
      ],
      "rotation": {
        "angle": 0.0,
        "axis": "z",
        "origin": [
          8.0,
          8.0,
          8.0
        ]
      },
      "faces": {
        "down": {
          "uv": [
            1.0,
            13.0,
            2.0,
            14.5
          ],
          "texture": "#layer0",
          "tintindex": 0
        },
        "east": {
          "uv": [
            9.0,
            13.5,
            10.5,
            14.25
          ],
          "texture": "#layer0",
          "tintindex": 0
        },
        "north": {
          "uv": [
            0.5,
            14.5,
            1.5,
            15.25
          ],
          "texture": "#layer0",
          "tintindex": 0
        },
        "south": {
          "uv": [
            4.0,
            14.5,
            5.0,
            15.25
          ],
          "texture": "#layer0",
          "tintindex": 0
        },
        "up": {
          "uv": [
            1.0,
            14.5,
            0.0,
            13.0
          ],
          "texture": "#layer0",
          "tintindex": 0
        },
        "west": {
          "uv": [
            13.5,
            1.0,
            15.0,
            1.75
          ],
          "texture": "#layer0",
          "tintindex": 0
        }
      }
    }
  ],
  "display": {
    "head": {
      "translation": [
        0.0,
        -6.4,
        0.0
      ],
      "rotation": [
        0.0,
        0.0,
        0.0
      ],
      "scale": [
        3.8095,
        3.8095,
        3.8095
      ]
    },
    "gui": {
      "translation": [
        0.0,
        0.0,
        0.0
      ],
      "rotation": [
        35.0,
        225.0,
        0.0
      ],
      "scale": [
        0.625,
        0.625,
        0.625
      ]
    }
  }
}