{
	"credit": "Made with Blockbench",
	"texture_size": [64, 64],
	"textures": {
		"layer0": "manamodels:entity/red_shyguy_ghost"
	},
	"elements": [
		{
			"name": "visor_0",
			"from": [5, 5.3, 6.5],
			"to": [11, 10.1, 9.5],
			"faces": {
				"north": {"uv": [12.5, 14, 14.25, 15.25], "texture": "#layer0", "tintindex": 0},
				"east": {"uv": [6.25, 14.75, 6.75, 16], "texture": "#layer0", "tintindex": 0},
				"south": {"uv": [13, 12, 14.75, 13.25], "texture": "#layer0", "tintindex": 0},
				"west": {"uv": [5.5, 14.75, 6, 16], "texture": "#layer0", "tintindex": 0},
				"up": {"uv": [10.75, 16, 9, 15.5], "texture": "#layer0", "tintindex": 0},
				"down": {"uv": [14.25, 15.5, 16, 16], "texture": "#layer0", "tintindex": 0}
			}
		}
	],
	"display": {
		"gui": {
			"rotation": [35, 225, 0],
			"scale": [0.625, 0.625, 0.625]
		},
		"head": {
			"translation": [0, -6.4, 0],
			"scale": [3.8095, 3.8095, 3.8095]
		}
	}
}