{
	"credit": "Made with Blockbench",
	"texture_size": [64, 64],
	"textures": {
		"layer0": "manamodels:entity/pink_kirby"
	},
	"elements": [
		{
			"name": "visor_0",
			"from": [5, 5.3, 6.5],
			"to": [11, 10.1, 9.5],
			"faces": {
				"north": {"uv": [5.5, 14.75, 7.25, 16], "texture": "#layer0", "tintindex": 0},
				"east": {"uv": [7.75, 14.75, 8.25, 16], "texture": "#layer0", "tintindex": 0},
				"south": {"uv": [2.5, 14.75, 4.25, 16], "texture": "#layer0", "tintindex": 0},
				"west": {"uv": [11, 14.75, 11.5, 16], "texture": "#layer0", "tintindex": 0},
				"up": {"uv": [8, 16, 6.25, 15.5], "texture": "#layer0", "tintindex": 0},
				"down": {"uv": [12.25, 15.5, 14, 16], "texture": "#layer0", "tintindex": 0}
			}
		}
	],
	"display": {
		"gui": {
			"rotation": [35, 225, 0],
			"scale": [0.625, 0.625, 0.625]
		},
		"head": {
			"translation": [0, -6.4, 0],
			"scale": [3.8095, 3.8095, 3.8095]
		}
	}
}