{
	"credit": "Made with Blockbench",
	"texture_size": [64, 64],
	"textures": {
		"layer0": "manamodels:entity/orange_antfrost_ghost"
	},
	"elements": [
		{
			"name": "tail_0",
			"from": [7.4, 7.4, 6.8],
			"to": [8.6, 8.6, 13.4],
			"rotation": {"angle": 22.5, "axis": "x", "origin": [8, 8, 8]},
			"faces": {
				"north": {"uv": [9.75, 15.5, 10.25, 16], "texture": "#layer0", "tintindex": 0},
				"east": {"uv": [6.5, 15.5, 9.25, 16], "texture": "#layer0", "tintindex": 0},
				"south": {"uv": [14.5, 15.5, 15, 16], "texture": "#layer0", "tintindex": 0},
				"west": {"uv": [12, 15.5, 14.75, 16], "texture": "#layer0", "tintindex": 0},
				"up": {"uv": [10.75, 16, 10.25, 13.25], "texture": "#layer0", "tintindex": 0},
				"down": {"uv": [10.75, 13.25, 11.25, 16], "texture": "#layer0", "tintindex": 0}
			}
		}
	],
	"display": {
		"gui": {
			"rotation": [35, 225, 0],
			"scale": [0.625, 0.625, 0.625]
		},
		"head": {
			"translation": [0, -6.4, 0],
			"scale": [3.8095, 3.8095, 3.8095]
		}
	}
}