{
	"credit": "Made with Blockbench",
	"texture_size": [128, 128],
	"textures": {
		"layer0": "manamodels:entity/yeti"
	},
	"elements": [
		{
			"name": "head_0",
			"from": [3.8, 6.8, 6.2],
			"to": [11, 14, 12.2],
			"faces": {
				"north": {"uv": [8.75, 5, 7.25, 6.5], "texture": "#layer0", "tintindex": 0},
				"east": {"uv": [11, 5.25, 9.75, 6.75], "texture": "#layer0", "tintindex": 0},
				"south": {"uv": [8.75, 7.25, 7.25, 8.75], "texture": "#layer0", "tintindex": 0},
				"west": {"uv": [6.75, 10, 5.5, 11.5], "texture": "#layer0", "tintindex": 0},
				"up": {"uv": [11.5, 10, 10, 11.25], "texture": "#layer0", "tintindex": 0},
				"down": {"uv": [10, 1.25, 11.5, 0], "texture": "#layer0", "tintindex": 0}
			}
		},
		{
			"name": "head_1",
			"from": [5, 8, 3.8],
			"to": [9.8, 12.8, 8.6],
			"faces": {
				"north": {"uv": [12.25, 4.25, 11.25, 5.25], "texture": "#layer0", "tintindex": 0},
				"east": {"uv": [12.25, 3.25, 11.25, 4.25], "texture": "#layer0", "tintindex": 0},
				"south": {"uv": [11.75, 11.25, 10.75, 12.25], "texture": "#layer0", "tintindex": 0},
				"west": {"uv": [12.25, 6.5, 11.25, 7.5], "texture": "#layer0", "tintindex": 0},
				"up": {"uv": [12.25, 7.5, 11.25, 8.5], "texture": "#layer0", "tintindex": 0},
				"down": {"uv": [11.25, 9.5, 12.25, 8.5], "texture": "#layer0", "tintindex": 0}
			}
		}
	],
	"gui_light": "front",
	"display": {
		"gui": {
			"rotation": [35, 225, 0],
			"translation": [-0.5, -3.75, 0],
			"scale": [1.7, 1.7, 1.7]
		},
		"head": {
			"translation": [0, -6.4, 0],
			"scale": [3.8095, 3.8095, 3.8095]
		}
	}
}