{
  "file_name": "bone60",
  "texture_size": [
    128,
    128
  ],
  "textures": {
    "layer0": "manamodels:entity/giant_squid"
  },
  "elements": [
    {
      "name": "bone60_0",
      "from": [
        4.3333335,
        0.7999997,
        7.67
      ],
      "to": [
        7.3333335,
        5.6,
        8.27
      ],
      "rotation": {
        "angle": -22.5,
        "axis": "z",
        "origin": [
          5.833334,
          1.0999997,
          8.27
        ]
      },
      "faces": {
        "east": {
          "uv": [
            0.75,
            14.25,
            0.875,
            15.25
          ],
          "texture": "#layer0",
          "tintindex": 0
        },
        "south": {
          "uv": [
            11.625,
            11.625,
            12.25,
            12.625
          ],
          "texture": "#layer0",
          "tintindex": 0
        },
        "north": {
          "uv": [
            11.625,
            7.0,
            12.25,
            8.0
          ],
          "texture": "#layer0",
          "tintindex": 0
        },
        "west": {
          "uv": [
            5.25,
            14.0,
            5.375,
            15.0
          ],
          "texture": "#layer0",
          "tintindex": 0
        },
        "up": {
          "uv": [
            5.125,
            8.75,
            5.75,
            8.875
          ],
          "texture": "#layer0",
          "tintindex": 0
        },
        "down": {
          "uv": [
            7.125,
            9.0,
            6.5,
            8.875
          ],
          "texture": "#layer0",
          "tintindex": 0
        }
      }
    },
    {
      "name": "bone60_1",
      "from": [
        4.3333335,
        0.7999997,
        7.715
      ],
      "to": [
        7.3333335,
        5.6,
        8.24
      ],
      "rotation": {
        "angle": 22.5,
        "axis": "z",
        "origin": [
          5.833334,
          1.0999997,
          8.27
        ]
      },
      "faces": {
        "east": {
          "uv": [
            14.25,
            5.875,
            14.375,
            6.875
          ],
          "texture": "#layer0",
          "tintindex": 0
        },
        "south": {
          "uv": [
            11.625,
            9.875,
            12.25,
            10.875
          ],
          "texture": "#layer0",
          "tintindex": 0
        },
        "north": {
          "uv": [
            6.5,
            11.75,
            7.125,
            12.75
          ],
          "texture": "#layer0",
          "tintindex": 0
        },
        "west": {
          "uv": [
            0.875,
            14.25,
            1.0,
            15.25
          ],
          "texture": "#layer0",
          "tintindex": 0
        },
        "up": {
          "uv": [
            10.125,
            7.625,
            10.75,
            7.75
          ],
          "texture": "#layer0",
          "tintindex": 0
        },
        "down": {
          "uv": [
            11.375,
            7.75,
            10.75,
            7.625
          ],
          "texture": "#layer0",
          "tintindex": 0
        }
      }
    },
    {
      "name": "bone60_2",
      "from": [
        4.9333334,
        -1.0000005,
        7.3700004
      ],
      "to": [
        7.9333334,
        1.9999998,
        8.570001
      ],
      "rotation": {
        "angle": -45.0,
        "axis": "z",
        "origin": [
          5.833334,
          1.0999997,
          8.27
        ]
      },
      "faces": {
        "east": {
          "uv": [
            1.25,
            11.125,
            1.5,
            11.75
          ],
          "texture": "#layer0",
          "tintindex": 0
        },
        "south": {
          "uv": [
            13.5,
            12.0,
            14.125,
            12.625
          ],
          "texture": "#layer0",
          "tintindex": 0
        },
        "north": {
          "uv": [
            9.375,
            13.625,
            10.0,
            14.25
          ],
          "texture": "#layer0",
          "tintindex": 0
        },
        "west": {
          "uv": [
            6.0,
            4.125,
            6.25,
            4.75
          ],
          "texture": "#layer0",
          "tintindex": 0
        },
        "up": {
          "uv": [
            12.25,
            11.875,
            12.875,
            12.125
          ],
          "texture": "#layer0",
          "tintindex": 0
        },
        "down": {
          "uv": [
            14.375,
            5.875,
            13.75,
            5.625
          ],
          "texture": "#layer0",
          "tintindex": 0
        }
      }
    }
  ],
  "display": {
    "head": {
      "translation": [
        0.0,
        -6.4,
        0.0
      ],
      "rotation": [
        0.0,
        0.0,
        0.0
      ],
      "scale": [
        3.8095,
        3.8095,
        3.8095
      ]
    },
    "gui": {
      "translation": [
        0.0,
        0.0,
        0.0
      ],
      "rotation": [
        35.0,
        225.0,
        0.0
      ],
      "scale": [
        0.625,
        0.625,
        0.625
      ]
    }
  }
}