{
  "file_name": "bone3",
  "texture_size": [
    128,
    128
  ],
  "textures": {
    "layer0": "manamodels:entity/giant_squid"
  },
  "elements": [
    {
      "name": "bone3_0",
      "from": [
        3.7227917,
        4.5499997,
        3.7999997
      ],
      "to": [
        12.122792,
        7.55,
        12.2
      ],
      "rotation": {
        "angle": 0.0,
        "axis": "z",
        "origin": [
          8.0,
          8.0,
          8.0
        ]
      },
      "faces": {
        "east": {
          "uv": [
            9.875,
            7.75,
            11.625,
            8.375
          ],
          "texture": "#layer0",
          "tintindex": 0
        },
        "south": {
          "uv": [
            9.875,
            7.75,
            11.625,
            8.375
          ],
          "texture": "#layer0",
          "tintindex": 0
        },
        "north": {
          "uv": [
            9.875,
            7.75,
            11.625,
            8.375
          ],
          "texture": "#layer0",
          "tintindex": 0
        },
        "west": {
          "uv": [
            9.875,
            7.75,
            11.625,
            8.375
          ],
          "texture": "#layer0",
          "tintindex": 0
        },
        "up": {
          "uv": [
            4.5,
            6.5,
            2.75,
            4.75
          ],
          "texture": "#layer0",
          "tintindex": 0
        },
        "down": {
          "uv": [
            4.5,
            4.75,
            6.25,
            6.5
          ],
          "texture": "#layer0",
          "tintindex": 0
        }
      }
    }
  ],
  "display": {
    "head": {
      "translation": [
        0.0,
        -6.4,
        0.0
      ],
      "rotation": [
        0.0,
        0.0,
        0.0
      ],
      "scale": [
        3.8095,
        3.8095,
        3.8095
      ]
    },
    "gui": {
      "translation": [
        0.0,
        0.0,
        0.0
      ],
      "rotation": [
        35.0,
        225.0,
        0.0
      ],
      "scale": [
        0.625,
        0.625,
        0.625
      ]
    }
  }
}