{
	"credit": "Made with Blockbench",
	"texture_size": [64, 64],
	"textures": {
		"layer0": "manamodels:entity/blue_sonic_ghost"
	},
	"elements": [
		{
			"name": "back_0",
			"from": [5.3, 12.2, 10.4],
			"to": [11.9, 20.6, 14.6],
			"faces": {
				"north": {"uv": [8.75, 12.75, 10.75, 15.5], "texture": "#layer0", "tintindex": 0},
				"east": {"uv": [2.25, 13.25, 3.25, 16], "texture": "#layer0", "tintindex": 0},
				"south": {"uv": [5.75, 13.25, 7.75, 16], "texture": "#layer0", "tintindex": 0},
				"west": {"uv": [7.25, 13.25, 8.25, 16], "texture": "#layer0", "tintindex": 0},
				"up": {"uv": [10, 16, 8, 15], "texture": "#layer0", "tintindex": 0},
				"down": {"uv": [12.5, 15, 14.5, 16], "texture": "#layer0", "tintindex": 0}
			}
		}
	],
	"display": {
		"gui": {
			"rotation": [35, 225, 0],
			"scale": [0.625, 0.625, 0.625]
		},
		"head": {
			"translation": [0, -6.4, 0],
			"scale": [3.8095, 3.8095, 3.8095]
		}
	}
}