{
  "file_name": "frameside1",
  "texture_size": [
    512,
    512
  ],
  "textures": {
    "layer0": "manamodels:entity/scifidoor"
  },
  "elements": [
    {
      "name": "frameside1_0",
      "from": [
        6.33125,
        8.5999975,
        -1.0000005
      ],
      "to": [
        8.13125,
        24.8,
        0.7999997
      ],
      "rotation": {
        "angle": 0.0,
        "axis": "z",
        "origin": [
          8.0,
          7.6594315,
          8.0
        ]
      },
      "faces": {
        "down": {
          "uv": [
            6.1875,
            4.96875,
            6.09375,
            5.0625
          ],
          "texture": "#layer0",
          "tintindex": 0
        },
        "east": {
          "uv": [
            1.21875,
            5.65625,
            1.125,
            6.5
          ],
          "texture": "#layer0",
          "tintindex": 0
        },
        "north": {
          "uv": [
            3.15625,
            5.53125,
            3.0625,
            6.375
          ],
          "texture": "#layer0",
          "tintindex": 0
        },
        "south": {
          "uv": [
            1.125,
            5.65625,
            1.03125,
            6.5
          ],
          "texture": "#layer0",
          "tintindex": 0
        },
        "up": {
          "uv": [
            6.09375,
            4.96875,
            6.1875,
            4.875
          ],
          "texture": "#layer0",
          "tintindex": 0
        },
        "west": {
          "uv": [
            1.03125,
            5.65625,
            0.9375,
            6.5
          ],
          "texture": "#layer0",
          "tintindex": 0
        }
      }
    },
    {
      "name": "frameside1_1",
      "from": [
        6.33125,
        24.8,
        -1.0000005
      ],
      "to": [
        8.13125,
        26.599998,
        2.6
      ],
      "rotation": {
        "angle": 0.0,
        "axis": "z",
        "origin": [
          8.0,
          7.6594315,
          8.0
        ]
      },
      "faces": {
        "down": {
          "uv": [
            1.46875,
            6.0625,
            1.375,
            6.25
          ],
          "texture": "#layer0",
          "tintindex": 0
        },
        "east": {
          "uv": [
            6.09375,
            5.09375,
            5.90625,
            5.1875
          ],
          "texture": "#layer0",
          "tintindex": 0
        },
        "north": {
          "uv": [
            6.15625,
            4.3125,
            6.0625,
            4.40625
          ],
          "texture": "#layer0",
          "tintindex": 0
        },
        "south": {
          "uv": [
            6.15625,
            4.40625,
            6.0625,
            4.5
          ],
          "texture": "#layer0",
          "tintindex": 0
        },
        "up": {
          "uv": [
            4.3125,
            6.21875,
            4.40625,
            6.03125
          ],
          "texture": "#layer0",
          "tintindex": 0
        },
        "west": {
          "uv": [
            6.0,
            3.4375,
            5.8125,
            3.53125
          ],
          "texture": "#layer0",
          "tintindex": 0
        }
      }
    },
    {
      "name": "frameside1_2",
      "from": [
        6.33125,
        6.7999973,
        -1.0000005
      ],
      "to": [
        8.13125,
        8.5999975,
        2.6
      ],
      "rotation": {
        "angle": 0.0,
        "axis": "z",
        "origin": [
          8.0,
          7.6594315,
          8.0
        ]
      },
      "faces": {
        "down": {
          "uv": [
            1.65625,
            6.0625,
            1.5625,
            6.25
          ],
          "texture": "#layer0",
          "tintindex": 0
        },
        "east": {
          "uv": [
            6.1875,
            2.5625,
            6.0,
            2.65625
          ],
          "texture": "#layer0",
          "tintindex": 0
        },
        "north": {
          "uv": [
            6.15625,
            4.5,
            6.0625,
            4.59375
          ],
          "texture": "#layer0",
          "tintindex": 0
        },
        "south": {
          "uv": [
            6.1875,
            6.09375,
            6.09375,
            6.1875
          ],
          "texture": "#layer0",
          "tintindex": 0
        },
        "up": {
          "uv": [
            1.46875,
            6.25,
            1.5625,
            6.0625
          ],
          "texture": "#layer0",
          "tintindex": 0
        },
        "west": {
          "uv": [
            6.09375,
            5.78125,
            5.90625,
            5.875
          ],
          "texture": "#layer0",
          "tintindex": 0
        }
      }
    },
    {
      "name": "frameside1_3",
      "from": [
        2.7312498,
        -0.7000029,
        2.6
      ],
      "to": [
        12.33125,
        31.399998,
        5.1499996
      ],
      "rotation": {
        "angle": 0.0,
        "axis": "z",
        "origin": [
          8.0,
          7.6594315,
          8.0
        ]
      },
      "faces": {
        "down": {
          "uv": [
            5.09375,
            5.8125,
            4.59375,
            5.9375
          ],
          "texture": "#layer0",
          "tintindex": 0
        },
        "east": {
          "uv": [
            4.09375,
            5.28125,
            3.96875,
            6.96875
          ],
          "texture": "#layer0",
          "tintindex": 0
        },
        "north": {
          "uv": [
            0.5,
            3.8125,
            0.0,
            5.5
          ],
          "texture": "#layer0",
          "tintindex": 0
        },
        "south": {
          "uv": [
            1.0,
            3.8125,
            0.5,
            5.5
          ],
          "texture": "#layer0",
          "tintindex": 0
        },
        "up": {
          "uv": [
            5.40625,
            5.90625,
            5.90625,
            5.78125
          ],
          "texture": "#layer0",
          "tintindex": 0
        },
        "west": {
          "uv": [
            3.96875,
            5.28125,
            3.84375,
            6.96875
          ],
          "texture": "#layer0",
          "tintindex": 0
        }
      }
    },
    {
      "name": "frameside1_4",
      "from": [
        2.7312498,
        -8.074532,
        1.4184316
      ],
      "to": [
        12.33125,
        -0.87453103,
        3.8184316
      ],
      "rotation": {
        "angle": 22.5,
        "axis": "x",
        "origin": [
          7.53125,
          -4.1745315,
          5.018432
        ]
      },
      "faces": {
        "down": {
          "uv": [
            6.3125,
            2.25,
            5.8125,
            2.375
          ],
          "texture": "#layer0",
          "tintindex": 0
        },
        "east": {
          "uv": [
            5.46875,
            5.90625,
            5.34375,
            6.28125
          ],
          "texture": "#layer0",
          "tintindex": 0
        },
        "north": {
          "uv": [
            5.8125,
            0.0,
            5.3125,
            0.375
          ],
          "texture": "#layer0",
          "tintindex": 0
        },
        "south": {
          "uv": [
            5.8125,
            3.15625,
            5.3125,
            3.53125
          ],
          "texture": "#layer0",
          "tintindex": 0
        },
        "up": {
          "uv": [
            5.8125,
            0.375,
            6.3125,
            0.25
          ],
          "texture": "#layer0",
          "tintindex": 0
        },
        "west": {
          "uv": [
            4.53125,
            5.84375,
            4.40625,
            6.21875
          ],
          "texture": "#layer0",
          "tintindex": 0
        }
      }
    },
    {
      "name": "frameside1_5",
      "from": [
        2.7312498,
        -14.800002,
        0.19999981
      ],
      "to": [
        12.33125,
        -6.4000025,
        2.6
      ],
      "rotation": {
        "angle": 0.0,
        "axis": "z",
        "origin": [
          8.0,
          7.6594315,
          8.0
        ]
      },
      "faces": {
        "down": {
          "uv": [
            6.3125,
            0.125,
            5.8125,
            0.25
          ],
          "texture": "#layer0",
          "tintindex": 0
        },
        "east": {
          "uv": [
            5.34375,
            5.8125,
            5.21875,
            6.25
          ],
          "texture": "#layer0",
          "tintindex": 0
        },
        "north": {
          "uv": [
            5.75,
            4.3125,
            5.25,
            4.75
          ],
          "texture": "#layer0",
          "tintindex": 0
        },
        "south": {
          "uv": [
            5.75,
            4.75,
            5.25,
            5.1875
          ],
          "texture": "#layer0",
          "tintindex": 0
        },
        "up": {
          "uv": [
            5.8125,
            0.125,
            6.3125,
            0.0
          ],
          "texture": "#layer0",
          "tintindex": 0
        },
        "west": {
          "uv": [
            5.21875,
            5.8125,
            5.09375,
            6.25
          ],
          "texture": "#layer0",
          "tintindex": 0
        }
      }
    },
    {
      "name": "frameside1_6",
      "from": [
        2.7312498,
        -14.800002,
        2.6
      ],
      "to": [
        10.53125,
        -3.400002,
        13.400001
      ],
      "rotation": {
        "angle": 0.0,
        "axis": "z",
        "origin": [
          8.0,
          7.6594315,
          8.0
        ]
      },
      "faces": {
        "down": {
          "uv": [
            5.40625,
            5.25,
            5.0,
            5.8125
          ],
          "texture": "#layer0",
          "tintindex": 0
        },
        "east": {
          "uv": [
            2.4375,
            4.65625,
            1.875,
            5.25
          ],
          "texture": "#layer0",
          "tintindex": 0
        },
        "north": {
          "uv": [
            2.28125,
            5.25,
            1.875,
            5.84375
          ],
          "texture": "#layer0",
          "tintindex": 0
        },
        "south": {
          "uv": [
            4.59375,
            5.25,
            4.1875,
            5.84375
          ],
          "texture": "#layer0",
          "tintindex": 0
        },
        "up": {
          "uv": [
            4.59375,
            5.8125,
            5.0,
            5.25
          ],
          "texture": "#layer0",
          "tintindex": 0
        },
        "west": {
          "uv": [
            5.1875,
            2.25,
            4.625,
            2.84375
          ],
          "texture": "#layer0",
          "tintindex": 0
        }
      }
    },
    {
      "name": "frameside1_7",
      "from": [
        10.53125,
        -14.800002,
        5.0
      ],
      "to": [
        12.33125,
        31.399998,
        6.8
      ],
      "rotation": {
        "angle": 0.0,
        "axis": "z",
        "origin": [
          8.0,
          7.6594315,
          8.0
        ]
      },
      "faces": {
        "down": {
          "uv": [
            6.125,
            4.78125,
            6.03125,
            4.875
          ],
          "texture": "#layer0",
          "tintindex": 0
        },
        "east": {
          "uv": [
            3.84375,
            5.28125,
            3.75,
            7.6875
          ],
          "texture": "#layer0",
          "tintindex": 0
        },
        "north": {
          "uv": [
            2.375,
            5.25,
            2.28125,
            7.65625
          ],
          "texture": "#layer0",
          "tintindex": 0
        },
        "south": {
          "uv": [
            3.75,
            5.28125,
            3.65625,
            7.6875
          ],
          "texture": "#layer0",
          "tintindex": 0
        },
        "up": {
          "uv": [
            5.15625,
            4.40625,
            5.25,
            4.3125
          ],
          "texture": "#layer0",
          "tintindex": 0
        },
        "west": {
          "uv": [
            3.65625,
            5.28125,
            3.5625,
            7.6875
          ],
          "texture": "#layer0",
          "tintindex": 0
        }
      }
    },
    {
      "name": "frameside1_8",
      "from": [
        10.53125,
        -14.800002,
        9.2
      ],
      "to": [
        12.33125,
        31.399998,
        11.0
      ],
      "rotation": {
        "angle": 0.0,
        "axis": "z",
        "origin": [
          8.0,
          7.6594315,
          8.0
        ]
      },
      "faces": {
        "down": {
          "uv": [
            6.125,
            4.875,
            6.03125,
            4.78125
          ],
          "texture": "#layer0",
          "tintindex": 0
        },
        "east": {
          "uv": [
            3.75,
            5.28125,
            3.84375,
            7.6875
          ],
          "texture": "#layer0",
          "tintindex": 0
        },
        "north": {
          "uv": [
            3.65625,
            5.28125,
            3.75,
            7.6875
          ],
          "texture": "#layer0",
          "tintindex": 0
        },
        "south": {
          "uv": [
            2.28125,
            5.25,
            2.375,
            7.65625
          ],
          "texture": "#layer0",
          "tintindex": 0
        },
        "up": {
          "uv": [
            5.15625,
            4.3125,
            5.25,
            4.40625
          ],
          "texture": "#layer0",
          "tintindex": 0
        },
        "west": {
          "uv": [
            3.5625,
            5.28125,
            3.65625,
            7.6875
          ],
          "texture": "#layer0",
          "tintindex": 0
        }
      }
    },
    {
      "name": "frameside1_9",
      "from": [
        2.7312498,
        -0.7000029,
        10.85
      ],
      "to": [
        12.33125,
        31.399998,
        13.400001
      ],
      "rotation": {
        "angle": 0.0,
        "axis": "z",
        "origin": [
          8.0,
          7.6594315,
          8.0
        ]
      },
      "faces": {
        "down": {
          "uv": [
            5.09375,
            5.9375,
            4.59375,
            5.8125
          ],
          "texture": "#layer0",
          "tintindex": 0
        },
        "east": {
          "uv": [
            3.96875,
            5.28125,
            4.09375,
            6.96875
          ],
          "texture": "#layer0",
          "tintindex": 0
        },
        "north": {
          "uv": [
            0.5,
            3.8125,
            1.0,
            5.5
          ],
          "texture": "#layer0",
          "tintindex": 0
        },
        "south": {
          "uv": [
            0.0,
            3.8125,
            0.5,
            5.5
          ],
          "texture": "#layer0",
          "tintindex": 0
        },
        "up": {
          "uv": [
            5.40625,
            5.78125,
            5.90625,
            5.90625
          ],
          "texture": "#layer0",
          "tintindex": 0
        },
        "west": {
          "uv": [
            3.84375,
            5.28125,
            3.96875,
            6.96875
          ],
          "texture": "#layer0",
          "tintindex": 0
        }
      }
    },
    {
      "name": "frameside1_10",
      "from": [
        6.33125,
        8.5999975,
        15.2
      ],
      "to": [
        8.13125,
        24.8,
        17.0
      ],
      "rotation": {
        "angle": 0.0,
        "axis": "z",
        "origin": [
          8.0,
          7.6594315,
          8.0
        ]
      },
      "faces": {
        "down": {
          "uv": [
            6.1875,
            5.0625,
            6.09375,
            4.96875
          ],
          "texture": "#layer0",
          "tintindex": 0
        },
        "east": {
          "uv": [
            1.125,
            5.65625,
            1.21875,
            6.5
          ],
          "texture": "#layer0",
          "tintindex": 0
        },
        "north": {
          "uv": [
            1.03125,
            5.65625,
            1.125,
            6.5
          ],
          "texture": "#layer0",
          "tintindex": 0
        },
        "south": {
          "uv": [
            3.0625,
            5.53125,
            3.15625,
            6.375
          ],
          "texture": "#layer0",
          "tintindex": 0
        },
        "up": {
          "uv": [
            6.09375,
            4.875,
            6.1875,
            4.96875
          ],
          "texture": "#layer0",
          "tintindex": 0
        },
        "west": {
          "uv": [
            0.9375,
            5.65625,
            1.03125,
            6.5
          ],
          "texture": "#layer0",
          "tintindex": 0
        }
      }
    },
    {
      "name": "frameside1_11",
      "from": [
        6.33125,
        24.8,
        13.400001
      ],
      "to": [
        8.13125,
        26.599998,
        17.0
      ],
      "rotation": {
        "angle": 0.0,
        "axis": "z",
        "origin": [
          8.0,
          7.6594315,
          8.0
        ]
      },
      "faces": {
        "down": {
          "uv": [
            1.46875,
            6.25,
            1.375,
            6.0625
          ],
          "texture": "#layer0",
          "tintindex": 0
        },
        "east": {
          "uv": [
            5.90625,
            5.09375,
            6.09375,
            5.1875
          ],
          "texture": "#layer0",
          "tintindex": 0
        },
        "north": {
          "uv": [
            6.0625,
            4.40625,
            6.15625,
            4.5
          ],
          "texture": "#layer0",
          "tintindex": 0
        },
        "south": {
          "uv": [
            6.0625,
            4.3125,
            6.15625,
            4.40625
          ],
          "texture": "#layer0",
          "tintindex": 0
        },
        "up": {
          "uv": [
            4.3125,
            6.03125,
            4.40625,
            6.21875
          ],
          "texture": "#layer0",
          "tintindex": 0
        },
        "west": {
          "uv": [
            5.8125,
            3.4375,
            6.0,
            3.53125
          ],
          "texture": "#layer0",
          "tintindex": 0
        }
      }
    },
    {
      "name": "frameside1_12",
      "from": [
        6.33125,
        6.7999973,
        13.400001
      ],
      "to": [
        8.13125,
        8.5999975,
        17.0
      ],
      "rotation": {
        "angle": 0.0,
        "axis": "z",
        "origin": [
          8.0,
          7.6594315,
          8.0
        ]
      },
      "faces": {
        "down": {
          "uv": [
            1.65625,
            6.25,
            1.5625,
            6.0625
          ],
          "texture": "#layer0",
          "tintindex": 0
        },
        "east": {
          "uv": [
            6.0,
            2.5625,
            6.1875,
            2.65625
          ],
          "texture": "#layer0",
          "tintindex": 0
        },
        "north": {
          "uv": [
            6.09375,
            6.09375,
            6.1875,
            6.1875
          ],
          "texture": "#layer0",
          "tintindex": 0
        },
        "south": {
          "uv": [
            6.0625,
            4.5,
            6.15625,
            4.59375
          ],
          "texture": "#layer0",
          "tintindex": 0
        },
        "up": {
          "uv": [
            1.46875,
            6.0625,
            1.5625,
            6.25
          ],
          "texture": "#layer0",
          "tintindex": 0
        },
        "west": {
          "uv": [
            5.90625,
            5.78125,
            6.09375,
            5.875
          ],
          "texture": "#layer0",
          "tintindex": 0
        }
      }
    },
    {
      "name": "frameside1_13",
      "from": [
        2.7312498,
        -8.074532,
        12.181568
      ],
      "to": [
        12.33125,
        -0.87453103,
        14.581569
      ],
      "rotation": {
        "angle": -22.5,
        "axis": "x",
        "origin": [
          7.53125,
          -4.1745315,
          10.981568
        ]
      },
      "faces": {
        "down": {
          "uv": [
            6.3125,
            2.375,
            5.8125,
            2.25
          ],
          "texture": "#layer0",
          "tintindex": 0
        },
        "east": {
          "uv": [
            5.34375,
            5.90625,
            5.46875,
            6.28125
          ],
          "texture": "#layer0",
          "tintindex": 0
        },
        "north": {
          "uv": [
            5.3125,
            3.15625,
            5.8125,
            3.53125
          ],
          "texture": "#layer0",
          "tintindex": 0
        },
        "south": {
          "uv": [
            5.3125,
            0.0,
            5.8125,
            0.375
          ],
          "texture": "#layer0",
          "tintindex": 0
        },
        "up": {
          "uv": [
            5.8125,
            0.25,
            6.3125,
            0.375
          ],
          "texture": "#layer0",
          "tintindex": 0
        },
        "west": {
          "uv": [
            4.40625,
            5.84375,
            4.53125,
            6.21875
          ],
          "texture": "#layer0",
          "tintindex": 0
        }
      }
    },
    {
      "name": "frameside1_14",
      "from": [
        2.7312498,
        -14.800002,
        13.400001
      ],
      "to": [
        12.33125,
        -6.4000025,
        15.8
      ],
      "rotation": {
        "angle": 0.0,
        "axis": "z",
        "origin": [
          8.0,
          7.6594315,
          8.0
        ]
      },
      "faces": {
        "down": {
          "uv": [
            6.3125,
            0.25,
            5.8125,
            0.125
          ],
          "texture": "#layer0",
          "tintindex": 0
        },
        "east": {
          "uv": [
            5.21875,
            5.8125,
            5.34375,
            6.25
          ],
          "texture": "#layer0",
          "tintindex": 0
        },
        "north": {
          "uv": [
            5.25,
            4.75,
            5.75,
            5.1875
          ],
          "texture": "#layer0",
          "tintindex": 0
        },
        "south": {
          "uv": [
            5.25,
            4.3125,
            5.75,
            4.75
          ],
          "texture": "#layer0",
          "tintindex": 0
        },
        "up": {
          "uv": [
            5.8125,
            0.0,
            6.3125,
            0.125
          ],
          "texture": "#layer0",
          "tintindex": 0
        },
        "west": {
          "uv": [
            5.09375,
            5.8125,
            5.21875,
            6.25
          ],
          "texture": "#layer0",
          "tintindex": 0
        }
      }
    },
    {
      "name": "frameside1_15",
      "from": [
        9.33125,
        -3.400003,
        3.7999997
      ],
      "to": [
        10.53125,
        32.0,
        12.2
      ],
      "rotation": {
        "angle": 0.0,
        "axis": "z",
        "origin": [
          8.0,
          7.6594315,
          8.0
        ]
      },
      "faces": {
        "down": {
          "uv": [
            0.53125,
            5.75,
            0.46875,
            6.1875
          ],
          "texture": "#layer0",
          "tintindex": 0
        },
        "east": {
          "uv": [
            1.875,
            3.8125,
            1.4375,
            5.65625
          ],
          "texture": "#layer0",
          "tintindex": 0
        },
        "north": {
          "uv": [
            4.15625,
            5.28125,
            4.09375,
            7.125
          ],
          "texture": "#layer0",
          "tintindex": 0
        },
        "south": {
          "uv": [
            3.53125,
            5.34375,
            3.46875,
            7.1875
          ],
          "texture": "#layer0",
          "tintindex": 0
        },
        "up": {
          "uv": [
            3.15625,
            5.96875,
            3.21875,
            5.53125
          ],
          "texture": "#layer0",
          "tintindex": 0
        },
        "west": {
          "uv": [
            1.4375,
            3.8125,
            1.0,
            5.65625
          ],
          "texture": "#layer0",
          "tintindex": 0
        }
      }
    }
  ],
  "display": {
    "head": {
      "translation": [
        0.0,
        -5.1026044,
        0.0
      ],
      "rotation": [
        0.0,
        0.0,
        0.0
      ],
      "scale": [
        3.8095,
        3.8095,
        3.8095
      ]
    },
    "gui": {
      "translation": [
        0.0,
        0.0,
        0.0
      ],
      "rotation": [
        35.0,
        225.0,
        0.0
      ],
      "scale": [
        0.625,
        0.625,
        0.625
      ]
    }
  }
}