{
  "file_name": "frame",
  "texture_size": [
    512,
    512
  ],
  "textures": {
    "layer0": "manamodels:entity/scifidoor"
  },
  "elements": [
    {
      "name": "frame_0",
      "from": [
        26.610245,
        -7.2071724,
        5.4807377
      ],
      "to": [
        28.11821,
        31.497345,
        6.9887056
      ],
      "rotation": {
        "angle": 0.0,
        "axis": "z",
        "origin": [
          8.0,
          -7.610054,
          8.0
        ]
      },
      "faces": {
        "down": {
          "uv": [
            6.03125,
            4.78125,
            6.125,
            4.875
          ],
          "texture": "#layer0",
          "tintindex": 0
        },
        "east": {
          "uv": [
            3.5625,
            5.28125,
            3.65625,
            7.6875
          ],
          "texture": "#layer0",
          "tintindex": 0
        },
        "north": {
          "uv": [
            2.28125,
            5.25,
            2.375,
            7.65625
          ],
          "texture": "#layer0",
          "tintindex": 0
        },
        "south": {
          "uv": [
            3.65625,
            5.28125,
            3.75,
            7.6875
          ],
          "texture": "#layer0",
          "tintindex": 0
        },
        "up": {
          "uv": [
            5.25,
            4.40625,
            5.15625,
            4.3125
          ],
          "texture": "#layer0",
          "tintindex": 0
        },
        "west": {
          "uv": [
            3.75,
            5.28125,
            3.84375,
            7.6875
          ],
          "texture": "#layer0",
          "tintindex": 0
        }
      }
    },
    {
      "name": "frame_1",
      "from": [
        -12.094272,
        -7.2071724,
        5.4807377
      ],
      "to": [
        -10.586305,
        31.497345,
        6.9887056
      ],
      "rotation": {
        "angle": 0.0,
        "axis": "z",
        "origin": [
          8.0,
          -7.610054,
          8.0
        ]
      },
      "faces": {
        "down": {
          "uv": [
            6.125,
            4.78125,
            6.03125,
            4.875
          ],
          "texture": "#layer0",
          "tintindex": 0
        },
        "east": {
          "uv": [
            3.84375,
            5.28125,
            3.75,
            7.6875
          ],
          "texture": "#layer0",
          "tintindex": 0
        },
        "north": {
          "uv": [
            2.375,
            5.25,
            2.28125,
            7.65625
          ],
          "texture": "#layer0",
          "tintindex": 0
        },
        "south": {
          "uv": [
            3.75,
            5.28125,
            3.65625,
            7.6875
          ],
          "texture": "#layer0",
          "tintindex": 0
        },
        "up": {
          "uv": [
            5.15625,
            4.40625,
            5.25,
            4.3125
          ],
          "texture": "#layer0",
          "tintindex": 0
        },
        "west": {
          "uv": [
            3.65625,
            5.28125,
            3.5625,
            7.6875
          ],
          "texture": "#layer0",
          "tintindex": 0
        }
      }
    },
    {
      "name": "frame_2",
      "from": [
        26.610245,
        -7.2071724,
        8.9993305
      ],
      "to": [
        28.11821,
        31.497345,
        10.5072975
      ],
      "rotation": {
        "angle": 0.0,
        "axis": "z",
        "origin": [
          8.0,
          -7.610054,
          8.0
        ]
      },
      "faces": {
        "down": {
          "uv": [
            6.03125,
            4.875,
            6.125,
            4.78125
          ],
          "texture": "#layer0",
          "tintindex": 0
        },
        "east": {
          "uv": [
            3.65625,
            5.28125,
            3.5625,
            7.6875
          ],
          "texture": "#layer0",
          "tintindex": 0
        },
        "north": {
          "uv": [
            3.75,
            5.28125,
            3.65625,
            7.6875
          ],
          "texture": "#layer0",
          "tintindex": 0
        },
        "south": {
          "uv": [
            2.375,
            5.25,
            2.28125,
            7.65625
          ],
          "texture": "#layer0",
          "tintindex": 0
        },
        "up": {
          "uv": [
            5.25,
            4.3125,
            5.15625,
            4.40625
          ],
          "texture": "#layer0",
          "tintindex": 0
        },
        "west": {
          "uv": [
            3.84375,
            5.28125,
            3.75,
            7.6875
          ],
          "texture": "#layer0",
          "tintindex": 0
        }
      }
    },
    {
      "name": "frame_3",
      "from": [
        -12.094272,
        -7.2071724,
        8.9993305
      ],
      "to": [
        -10.586305,
        31.497345,
        10.5072975
      ],
      "rotation": {
        "angle": 0.0,
        "axis": "z",
        "origin": [
          8.0,
          -7.610054,
          8.0
        ]
      },
      "faces": {
        "down": {
          "uv": [
            6.125,
            4.875,
            6.03125,
            4.78125
          ],
          "texture": "#layer0",
          "tintindex": 0
        },
        "east": {
          "uv": [
            3.75,
            5.28125,
            3.84375,
            7.6875
          ],
          "texture": "#layer0",
          "tintindex": 0
        },
        "north": {
          "uv": [
            3.65625,
            5.28125,
            3.75,
            7.6875
          ],
          "texture": "#layer0",
          "tintindex": 0
        },
        "south": {
          "uv": [
            2.28125,
            5.25,
            2.375,
            7.65625
          ],
          "texture": "#layer0",
          "tintindex": 0
        },
        "up": {
          "uv": [
            5.15625,
            4.3125,
            5.25,
            4.40625
          ],
          "texture": "#layer0",
          "tintindex": 0
        },
        "west": {
          "uv": [
            3.5625,
            5.28125,
            3.65625,
            7.6875
          ],
          "texture": "#layer0",
          "tintindex": 0
        }
      }
    },
    {
      "name": "frame_4",
      "from": [
        28.11821,
        2.3432922,
        4.4754257
      ],
      "to": [
        29.123524,
        32.0,
        11.5126095
      ],
      "rotation": {
        "angle": 0.0,
        "axis": "z",
        "origin": [
          8.0,
          -7.610054,
          8.0
        ]
      },
      "faces": {
        "down": {
          "uv": [
            0.46875,
            5.75,
            0.53125,
            6.1875
          ],
          "texture": "#layer0",
          "tintindex": 0
        },
        "east": {
          "uv": [
            1.0,
            3.8125,
            1.4375,
            5.65625
          ],
          "texture": "#layer0",
          "tintindex": 0
        },
        "north": {
          "uv": [
            4.09375,
            5.28125,
            4.15625,
            7.125
          ],
          "texture": "#layer0",
          "tintindex": 0
        },
        "south": {
          "uv": [
            3.46875,
            5.34375,
            3.53125,
            7.1875
          ],
          "texture": "#layer0",
          "tintindex": 0
        },
        "up": {
          "uv": [
            3.21875,
            5.96875,
            3.15625,
            5.53125
          ],
          "texture": "#layer0",
          "tintindex": 0
        },
        "west": {
          "uv": [
            1.4375,
            3.8125,
            1.875,
            5.65625
          ],
          "texture": "#layer0",
          "tintindex": 0
        }
      }
    },
    {
      "name": "frame_5",
      "from": [
        -13.099584,
        2.3432922,
        4.4754257
      ],
      "to": [
        -12.094271,
        32.0,
        11.5126095
      ],
      "rotation": {
        "angle": 0.0,
        "axis": "z",
        "origin": [
          8.0,
          -7.610054,
          8.0
        ]
      },
      "faces": {
        "down": {
          "uv": [
            0.53125,
            5.75,
            0.46875,
            6.1875
          ],
          "texture": "#layer0",
          "tintindex": 0
        },
        "east": {
          "uv": [
            1.875,
            3.8125,
            1.4375,
            5.65625
          ],
          "texture": "#layer0",
          "tintindex": 0
        },
        "north": {
          "uv": [
            4.15625,
            5.28125,
            4.09375,
            7.125
          ],
          "texture": "#layer0",
          "tintindex": 0
        },
        "south": {
          "uv": [
            3.53125,
            5.34375,
            3.46875,
            7.1875
          ],
          "texture": "#layer0",
          "tintindex": 0
        },
        "up": {
          "uv": [
            3.15625,
            5.96875,
            3.21875,
            5.53125
          ],
          "texture": "#layer0",
          "tintindex": 0
        },
        "west": {
          "uv": [
            1.4375,
            3.8125,
            1.0,
            5.65625
          ],
          "texture": "#layer0",
          "tintindex": 0
        }
      }
    }
  ],
  "display": {
    "head": {
      "translation": [
        0.0,
        53.066498,
        0.0
      ],
      "rotation": [
        0.0,
        0.0,
        0.0
      ],
      "scale": [
        3.8095,
        3.8095,
        3.8095
      ]
    },
    "gui": {
      "translation": [
        0.0,
        0.0,
        0.0
      ],
      "rotation": [
        35.0,
        225.0,
        0.0
      ],
      "scale": [
        0.625,
        0.625,
        0.625
      ]
    }
  }
}