{
  "file_name": "topframe",
  "texture_size": [
    512,
    512
  ],
  "textures": {
    "layer0": "manamodels:entity/scifidoor"
  },
  "elements": [
    {
      "name": "topframe_0",
      "from": [
        -31.600006,
        8.342858,
        2.6
      ],
      "to": [
        32.0,
        13.1428585,
        13.400001
      ],
      "rotation": {
        "angle": 0.0,
        "axis": "z",
        "origin": [
          0.1142807,
          8.0,
          8.0
        ]
      },
      "faces": {
        "down": {
          "uv": [
            0.0,
            3.25,
            3.3125,
            3.8125
          ],
          "texture": "#layer0",
          "tintindex": 0
        },
        "east": {
          "uv": [
            0.0,
            5.5,
            0.5625,
            5.75
          ],
          "texture": "#layer0",
          "tintindex": 0
        },
        "north": {
          "uv": [
            3.3125,
            0.6875,
            6.625,
            0.9375
          ],
          "texture": "#layer0",
          "tintindex": 0
        },
        "south": {
          "uv": [
            3.3125,
            0.9375,
            6.625,
            1.1875
          ],
          "texture": "#layer0",
          "tintindex": 0
        },
        "up": {
          "uv": [
            5.625,
            2.25,
            2.3125,
            1.6875
          ],
          "texture": "#layer0",
          "tintindex": 0
        },
        "west": {
          "uv": [
            2.375,
            5.53125,
            2.9375,
            5.78125
          ],
          "texture": "#layer0",
          "tintindex": 0
        }
      }
    },
    {
      "name": "topframe_1",
      "from": [
        -10.600003,
        8.342858,
        1.3999997
      ],
      "to": [
        10.999996,
        13.1428585,
        2.6
      ],
      "rotation": {
        "angle": 0.0,
        "axis": "z",
        "origin": [
          0.1142807,
          8.0,
          8.0
        ]
      },
      "faces": {
        "down": {
          "uv": [
            3.3125,
            3.25,
            4.4375,
            3.3125
          ],
          "texture": "#layer0",
          "tintindex": 0
        },
        "east": {
          "uv": [
            0.3125,
            5.9375,
            0.375,
            6.1875
          ],
          "texture": "#layer0",
          "tintindex": 0
        },
        "north": {
          "uv": [
            2.4375,
            4.84375,
            3.5625,
            5.09375
          ],
          "texture": "#layer0",
          "tintindex": 0
        },
        "south": {
          "uv": [
            2.4375,
            5.09375,
            3.5625,
            5.34375
          ],
          "texture": "#layer0",
          "tintindex": 0
        },
        "up": {
          "uv": [
            3.4375,
            2.3125,
            2.3125,
            2.25
          ],
          "texture": "#layer0",
          "tintindex": 0
        },
        "west": {
          "uv": [
            3.15625,
            5.96875,
            3.21875,
            6.21875
          ],
          "texture": "#layer0",
          "tintindex": 0
        }
      }
    },
    {
      "name": "topframe_2",
      "from": [
        -3.4000034,
        4.742858,
        1.9999998
      ],
      "to": [
        3.7999973,
        8.342858,
        3.1999998
      ],
      "rotation": {
        "angle": 0.0,
        "axis": "z",
        "origin": [
          0.1142807,
          8.0,
          8.0
        ]
      },
      "faces": {
        "down": {
          "uv": [
            4.78125,
            4.3125,
            5.15625,
            4.375
          ],
          "texture": "#layer0",
          "tintindex": 0
        },
        "east": {
          "uv": [
            1.65625,
            6.0625,
            1.71875,
            6.25
          ],
          "texture": "#layer0",
          "tintindex": 0
        },
        "north": {
          "uv": [
            2.71875,
            3.8125,
            3.09375,
            4.0
          ],
          "texture": "#layer0",
          "tintindex": 0
        },
        "south": {
          "uv": [
            0.0,
            5.75,
            0.375,
            5.9375
          ],
          "texture": "#layer0",
          "tintindex": 0
        },
        "up": {
          "uv": [
            4.78125,
            4.375,
            4.40625,
            4.3125
          ],
          "texture": "#layer0",
          "tintindex": 0
        },
        "west": {
          "uv": [
            1.71875,
            6.0625,
            1.78125,
            6.25
          ],
          "texture": "#layer0",
          "tintindex": 0
        }
      }
    },
    {
      "name": "topframe_3",
      "from": [
        -8.800003,
        2.3428578,
        3.1999998
      ],
      "to": [
        8.599998,
        8.342858,
        5.6
      ],
      "rotation": {
        "angle": 0.0,
        "axis": "z",
        "origin": [
          0.1142807,
          8.0,
          8.0
        ]
      },
      "faces": {
        "down": {
          "uv": [
            5.625,
            1.5,
            6.53125,
            1.625
          ],
          "texture": "#layer0",
          "tintindex": 0
        },
        "east": {
          "uv": [
            5.90625,
            4.59375,
            6.03125,
            4.90625
          ],
          "texture": "#layer0",
          "tintindex": 0
        },
        "north": {
          "uv": [
            4.40625,
            4.0,
            5.3125,
            4.3125
          ],
          "texture": "#layer0",
          "tintindex": 0
        },
        "south": {
          "uv": [
            4.625,
            2.84375,
            5.53125,
            3.15625
          ],
          "texture": "#layer0",
          "tintindex": 0
        },
        "up": {
          "uv": [
            6.53125,
            1.5,
            5.625,
            1.375
          ],
          "texture": "#layer0",
          "tintindex": 0
        },
        "west": {
          "uv": [
            0.0,
            5.9375,
            0.125,
            6.25
          ],
          "texture": "#layer0",
          "tintindex": 0
        }
      }
    },
    {
      "name": "topframe_4",
      "from": [
        -3.4000034,
        4.742858,
        12.8
      ],
      "to": [
        3.7999973,
        8.342858,
        14.0
      ],
      "rotation": {
        "angle": 0.0,
        "axis": "z",
        "origin": [
          0.1142807,
          8.0,
          8.0
        ]
      },
      "faces": {
        "down": {
          "uv": [
            4.78125,
            4.375,
            5.15625,
            4.3125
          ],
          "texture": "#layer0",
          "tintindex": 0
        },
        "east": {
          "uv": [
            1.71875,
            6.0625,
            1.65625,
            6.25
          ],
          "texture": "#layer0",
          "tintindex": 0
        },
        "north": {
          "uv": [
            0.375,
            5.75,
            0.0,
            5.9375
          ],
          "texture": "#layer0",
          "tintindex": 0
        },
        "south": {
          "uv": [
            3.09375,
            3.8125,
            2.71875,
            4.0
          ],
          "texture": "#layer0",
          "tintindex": 0
        },
        "up": {
          "uv": [
            4.78125,
            4.3125,
            4.40625,
            4.375
          ],
          "texture": "#layer0",
          "tintindex": 0
        },
        "west": {
          "uv": [
            1.78125,
            6.0625,
            1.71875,
            6.25
          ],
          "texture": "#layer0",
          "tintindex": 0
        }
      }
    },
    {
      "name": "topframe_5",
      "from": [
        -8.800003,
        2.3428578,
        10.4
      ],
      "to": [
        8.599998,
        8.342858,
        12.8
      ],
      "rotation": {
        "angle": 0.0,
        "axis": "z",
        "origin": [
          0.1142807,
          8.0,
          8.0
        ]
      },
      "faces": {
        "down": {
          "uv": [
            5.625,
            1.625,
            6.53125,
            1.5
          ],
          "texture": "#layer0",
          "tintindex": 0
        },
        "east": {
          "uv": [
            6.03125,
            4.59375,
            5.90625,
            4.90625
          ],
          "texture": "#layer0",
          "tintindex": 0
        },
        "north": {
          "uv": [
            5.53125,
            2.84375,
            4.625,
            3.15625
          ],
          "texture": "#layer0",
          "tintindex": 0
        },
        "south": {
          "uv": [
            5.3125,
            4.0,
            4.40625,
            4.3125
          ],
          "texture": "#layer0",
          "tintindex": 0
        },
        "up": {
          "uv": [
            6.53125,
            1.375,
            5.625,
            1.5
          ],
          "texture": "#layer0",
          "tintindex": 0
        },
        "west": {
          "uv": [
            0.125,
            5.9375,
            0.0,
            6.25
          ],
          "texture": "#layer0",
          "tintindex": 0
        }
      }
    },
    {
      "name": "topframe_6",
      "from": [
        -10.600003,
        8.342858,
        13.400001
      ],
      "to": [
        10.999996,
        13.1428585,
        14.6
      ],
      "rotation": {
        "angle": 0.0,
        "axis": "z",
        "origin": [
          0.1142807,
          8.0,
          8.0
        ]
      },
      "faces": {
        "down": {
          "uv": [
            3.3125,
            3.3125,
            4.4375,
            3.25
          ],
          "texture": "#layer0",
          "tintindex": 0
        },
        "east": {
          "uv": [
            0.375,
            5.9375,
            0.3125,
            6.1875
          ],
          "texture": "#layer0",
          "tintindex": 0
        },
        "north": {
          "uv": [
            3.5625,
            5.09375,
            2.4375,
            5.34375
          ],
          "texture": "#layer0",
          "tintindex": 0
        },
        "south": {
          "uv": [
            3.5625,
            4.84375,
            2.4375,
            5.09375
          ],
          "texture": "#layer0",
          "tintindex": 0
        },
        "up": {
          "uv": [
            3.4375,
            2.25,
            2.3125,
            2.3125
          ],
          "texture": "#layer0",
          "tintindex": 0
        },
        "west": {
          "uv": [
            3.21875,
            5.96875,
            3.15625,
            6.21875
          ],
          "texture": "#layer0",
          "tintindex": 0
        }
      }
    }
  ],
  "display": {
    "head": {
      "translation": [
        30.040648,
        -6.4,
        0.0
      ],
      "rotation": [
        0.0,
        0.0,
        0.0
      ],
      "scale": [
        3.8095,
        3.8095,
        3.8095
      ]
    },
    "gui": {
      "translation": [
        0.0,
        0.0,
        0.0
      ],
      "rotation": [
        35.0,
        225.0,
        0.0
      ],
      "scale": [
        0.625,
        0.625,
        0.625
      ]
    }
  }
}