{
	"credit": "Made with Blockbench",
	"texture_size": [64, 64],
	"textures": {
		"layer0": "manamodels:entity/cyan_georgenotfound"
	},
	"elements": [
		{
			"name": "visor_0",
			"from": [5, 5.3, 6.5],
			"to": [11, 10.1, 9.5],
			"faces": {
				"north": {"uv": [14.25, 13, 16, 14.25], "texture": "#layer0", "tintindex": 0},
				"east": {"uv": [15.25, 7.25, 15.75, 8.5], "texture": "#layer0", "tintindex": 0},
				"south": {"uv": [14.25, 9.75, 16, 11], "texture": "#layer0", "tintindex": 0},
				"west": {"uv": [15.5, 10, 16, 11.25], "texture": "#layer0", "tintindex": 0},
				"up": {"uv": [16, 9.25, 14.25, 8.75], "texture": "#layer0", "tintindex": 0},
				"down": {"uv": [14.25, 2, 16, 2.5], "texture": "#layer0", "tintindex": 0}
			}
		}
	],
	"display": {
		"gui": {
			"rotation": [35, 225, 0],
			"scale": [0.625, 0.625, 0.625]
		},
		"head": {
			"translation": [0, -6.4, 0],
			"scale": [3.8095, 3.8095, 3.8095]
		}
	}
}