{
	"credit": "Made with Blockbench",
	"texture_size": [64, 64],
	"textures": {
		"layer0": "manamodels:entity/brown"
	},
	"elements": [
		{
			"name": "visor_0",
			"from": [5, 16.1, 3.2],
			"to": [11, 20.9, 6.2],
			"faces": {
				"north": {"uv": [12, 4.75, 13.75, 6], "texture": "#layer0", "tintindex": 0},
				"east": {"uv": [12.75, 5.5, 13.25, 6.75], "texture": "#layer0", "tintindex": 0},
				"south": {"uv": [11.5, 4.25, 13.25, 5.5], "texture": "#layer0", "tintindex": 0},
				"west": {"uv": [12.75, 5.25, 13.25, 6.5], "texture": "#layer0", "tintindex": 0},
				"up": {"uv": [14.25, 6.75, 12.5, 6.25], "texture": "#layer0", "tintindex": 0},
				"down": {"uv": [13.75, 9, 15.5, 9.5], "texture": "#layer0", "tintindex": 0}
			}
		}
	],
	"display": {
		"gui": {
			"rotation": [35, 225, 0],
			"scale": [0.625, 0.625, 0.625]
		},
		"head": {
			"translation": [0, -6.4, 0],
			"scale": [3.8095, 3.8095, 3.8095]
		}
	}
}