{
	"credit": "Made with Blockbench",
	"texture_size": [64, 64],
	"textures": {
		"layer0": "manamodels:entity/red_spiderman_ghost"
	},
	"elements": [
		{
			"name": "back_0",
			"from": [5.3, 12.2, 10.4],
			"to": [11.9, 20.6, 14.6],
			"faces": {
				"north": {"uv": [14, 13, 16, 15.75], "texture": "#layer0", "tintindex": 0},
				"east": {"uv": [6.5, 13.25, 7.5, 16], "texture": "#layer0", "tintindex": 0},
				"south": {"uv": [7.75, 13.25, 9.75, 16], "texture": "#layer0", "tintindex": 0},
				"west": {"uv": [2.5, 13.25, 3.5, 16], "texture": "#layer0", "tintindex": 0},
				"up": {"uv": [14.5, 16, 12.5, 15], "texture": "#layer0", "tintindex": 0},
				"down": {"uv": [9.75, 15, 11.75, 16], "texture": "#layer0", "tintindex": 0}
			}
		}
	],
	"display": {
		"gui": {
			"rotation": [35, 225, 0],
			"scale": [0.625, 0.625, 0.625]
		},
		"head": {
			"translation": [0, -6.4, 0],
			"scale": [3.8095, 3.8095, 3.8095]
		}
	}
}