{
  "file_name": "ankle_left",
  "texture_size": [
    128,
    128
  ],
  "textures": {
    "layer0": "manamodels:entity/sahuagin"
  },
  "elements": [
    {
      "name": "ankle_left_0",
      "from": [
        6.506,
        5.606,
        6.656
      ],
      "to": [
        8.894,
        7.994,
        9.044
      ],
      "rotation": {
        "angle": 45.0,
        "axis": "y",
        "origin": [
          8.0,
          9.8,
          7.55
        ]
      },
      "faces": {
        "east": {
          "uv": [
            10.875,
            11.625,
            10.375,
            12.125
          ],
          "texture": "#layer0",
          "tintindex": 0
        },
        "south": {
          "uv": [
            10.375,
            11.625,
            9.875,
            12.125
          ],
          "texture": "#layer0",
          "tintindex": 0
        },
        "north": {
          "uv": [
            11.0,
            3.25,
            10.5,
            3.75
          ],
          "texture": "#layer0",
          "tintindex": 0
        },
        "west": {
          "uv": [
            12.0,
            1.875,
            11.5,
            2.375
          ],
          "texture": "#layer0",
          "tintindex": 0
        },
        "up": {
          "uv": [
            11.625,
            12.125,
            12.125,
            11.625
          ],
          "texture": "#layer0",
          "tintindex": 0
        },
        "down": {
          "uv": [
            12.125,
            0.0,
            11.625,
            0.5
          ],
          "texture": "#layer0",
          "tintindex": 0
        }
      }
    }
  ],
  "display": {
    "head": {
      "translation": [
        0.0,
        -6.4,
        0.0
      ],
      "rotation": [
        0.0,
        0.0,
        0.0
      ],
      "scale": [
        3.8095,
        3.8095,
        3.8095
      ]
    },
    "gui": {
      "translation": [
        0.0,
        0.0,
        0.0
      ],
      "rotation": [
        35.0,
        225.0,
        0.0
      ],
      "scale": [
        0.625,
        0.625,
        0.625
      ]
    }
  }
}