{
  "file_name": "head",
  "texture_size": [
    128,
    128
  ],
  "textures": {
    "layer0": "manamodels:entity/sahuagin"
  },
  "elements": [
    {
      "name": "head_0",
      "from": [
        5.594,
        7.994,
        5.594
      ],
      "to": [
        10.406,
        12.806001,
        10.406
      ],
      "rotation": {
        "angle": -45.0,
        "axis": "y",
        "origin": [
          8.0,
          8.0,
          8.0
        ]
      },
      "faces": {
        "east": {
          "uv": [
            9.0,
            7.875,
            10.0,
            8.875
          ],
          "texture": "#layer0",
          "tintindex": 0
        },
        "south": {
          "uv": [
            9.25,
            6.5,
            10.25,
            7.5
          ],
          "texture": "#layer0",
          "tintindex": 0
        },
        "north": {
          "uv": [
            9.0,
            3.75,
            10.0,
            4.75
          ],
          "texture": "#layer0",
          "tintindex": 0
        },
        "west": {
          "uv": [
            9.5,
            4.75,
            10.5,
            5.75
          ],
          "texture": "#layer0",
          "tintindex": 0
        },
        "up": {
          "uv": [
            3.5,
            10.75,
            2.5,
            9.75
          ],
          "texture": "#layer0",
          "tintindex": 0
        },
        "down": {
          "uv": [
            3.5,
            9.75,
            4.5,
            10.75
          ],
          "texture": "#layer0",
          "tintindex": 0
        }
      }
    },
    {
      "name": "head_1",
      "from": [
        8.0,
        6.8,
        5.48
      ],
      "to": [
        8.0,
        20.0,
        18.68
      ],
      "rotation": {
        "angle": 0.0,
        "axis": "z",
        "origin": [
          8.0,
          8.0,
          8.0
        ]
      },
      "faces": {
        "east": {
          "uv": [
            5.0,
            5.0,
            7.75,
            7.75
          ],
          "texture": "#layer0",
          "tintindex": 0
        },
        "south": {
          "uv": [
            0.0,
            0.0,
            0.0,
            2.75
          ],
          "texture": "#layer0",
          "tintindex": 0
        },
        "north": {
          "uv": [
            0.0,
            0.0,
            0.0,
            2.75
          ],
          "texture": "#layer0",
          "tintindex": 0
        },
        "west": {
          "uv": [
            5.0,
            0.0,
            7.75,
            2.75
          ],
          "texture": "#layer0",
          "tintindex": 0
        },
        "up": {
          "uv": [
            0.0,
            2.75,
            0.0,
            0.0
          ],
          "texture": "#layer0",
          "tintindex": 0
        },
        "down": {
          "uv": [
            0.0,
            0.0,
            0.0,
            2.75
          ],
          "texture": "#layer0",
          "tintindex": 0
        }
      }
    },
    {
      "name": "head_2",
      "from": [
        8.994537,
        5.6,
        8.9936905
      ],
      "to": [
        18.594538,
        15.2,
        8.9936905
      ],
      "rotation": {
        "angle": -45.0,
        "axis": "y",
        "origin": [
          11.394536,
          8.0,
          11.39369
        ]
      },
      "faces": {
        "east": {
          "uv": [
            0.0,
            0.0,
            0.0,
            2.0
          ],
          "texture": "#layer0",
          "tintindex": 0
        },
        "south": {
          "uv": [
            3.0,
            6.0,
            5.0,
            8.0
          ],
          "texture": "#layer0",
          "tintindex": 0
        },
        "north": {
          "uv": [
            5.0,
            2.75,
            7.0,
            4.75
          ],
          "texture": "#layer0",
          "tintindex": 0
        },
        "west": {
          "uv": [
            0.0,
            0.0,
            0.0,
            2.0
          ],
          "texture": "#layer0",
          "tintindex": 0
        },
        "up": {
          "uv": [
            2.0,
            0.0,
            0.0,
            0.0
          ],
          "texture": "#layer0",
          "tintindex": 0
        },
        "down": {
          "uv": [
            0.0,
            0.0,
            2.0,
            0.0
          ],
          "texture": "#layer0",
          "tintindex": 0
        }
      }
    },
    {
      "name": "head_3",
      "from": [
        2.20589,
        5.6,
        8.99411
      ],
      "to": [
        2.20589,
        15.2,
        18.594109
      ],
      "rotation": {
        "angle": -45.0,
        "axis": "y",
        "origin": [
          4.60589,
          8.0,
          11.39411
        ]
      },
      "faces": {
        "east": {
          "uv": [
            7.0,
            2.75,
            9.0,
            4.75
          ],
          "texture": "#layer0",
          "tintindex": 0
        },
        "south": {
          "uv": [
            0.0,
            0.0,
            0.0,
            2.0
          ],
          "texture": "#layer0",
          "tintindex": 0
        },
        "north": {
          "uv": [
            0.0,
            0.0,
            0.0,
            2.0
          ],
          "texture": "#layer0",
          "tintindex": 0
        },
        "west": {
          "uv": [
            5.0,
            7.75,
            7.0,
            9.75
          ],
          "texture": "#layer0",
          "tintindex": 0
        },
        "up": {
          "uv": [
            0.0,
            2.0,
            0.0,
            0.0
          ],
          "texture": "#layer0",
          "tintindex": 0
        },
        "down": {
          "uv": [
            0.0,
            0.0,
            0.0,
            2.0
          ],
          "texture": "#layer0",
          "tintindex": 0
        }
      }
    }
  ],
  "display": {
    "head": {
      "translation": [
        0.0,
        -6.4,
        0.0
      ],
      "rotation": [
        0.0,
        0.0,
        0.0
      ],
      "scale": [
        3.8095,
        3.8095,
        3.8095
      ]
    },
    "gui": {
      "translation": [
        0.0,
        0.0,
        0.0
      ],
      "rotation": [
        35.0,
        225.0,
        0.0
      ],
      "scale": [
        0.625,
        0.625,
        0.625
      ]
    }
  }
}