{
  "file_name": "lowerarm_right",
  "texture_size": [
    128,
    128
  ],
  "textures": {
    "layer0": "manamodels:entity/sahuagin"
  },
  "elements": [
    {
      "name": "lowerarm_right_0",
      "from": [
        6.8,
        0.7999997,
        4.5499997
      ],
      "to": [
        9.8,
        8.0,
        7.55
      ],
      "rotation": {
        "angle": -45.0,
        "axis": "y",
        "origin": [
          8.0,
          8.0,
          6.35
        ]
      },
      "faces": {
        "east": {
          "uv": [
            7.125,
            10.25,
            7.75,
            11.75
          ],
          "texture": "#layer0",
          "tintindex": 0
        },
        "south": {
          "uv": [
            0.75,
            10.375,
            1.375,
            11.875
          ],
          "texture": "#layer0",
          "tintindex": 0
        },
        "north": {
          "uv": [
            6.5,
            10.25,
            7.125,
            11.75
          ],
          "texture": "#layer0",
          "tintindex": 0
        },
        "west": {
          "uv": [
            1.375,
            10.5,
            2.0,
            12.0
          ],
          "texture": "#layer0",
          "tintindex": 0
        },
        "up": {
          "uv": [
            8.875,
            12.0,
            8.25,
            11.375
          ],
          "texture": "#layer0",
          "tintindex": 0
        },
        "down": {
          "uv": [
            11.375,
            0.625,
            12.0,
            1.25
          ],
          "texture": "#layer0",
          "tintindex": 0
        }
      }
    },
    {
      "name": "lowerarm_right_1",
      "from": [
        9.8,
        0.7999997,
        4.5499997
      ],
      "to": [
        17.0,
        15.2,
        4.5499997
      ],
      "rotation": {
        "angle": -45.0,
        "axis": "y",
        "origin": [
          8.0,
          6.5,
          6.35
        ]
      },
      "faces": {
        "east": {
          "uv": [
            0.0,
            0.0,
            0.0,
            3.0
          ],
          "texture": "#layer0",
          "tintindex": 0
        },
        "south": {
          "uv": [
            1.5,
            6.0,
            3.0,
            9.0
          ],
          "texture": "#layer0",
          "tintindex": 0
        },
        "north": {
          "uv": [
            0.0,
            6.0,
            1.5,
            9.0
          ],
          "texture": "#layer0",
          "tintindex": 0
        },
        "west": {
          "uv": [
            0.0,
            0.0,
            0.0,
            3.0
          ],
          "texture": "#layer0",
          "tintindex": 0
        },
        "up": {
          "uv": [
            1.5,
            0.0,
            0.0,
            0.0
          ],
          "texture": "#layer0",
          "tintindex": 0
        },
        "down": {
          "uv": [
            0.0,
            0.0,
            1.5,
            0.0
          ],
          "texture": "#layer0",
          "tintindex": 0
        }
      }
    }
  ],
  "display": {
    "head": {
      "translation": [
        0.0,
        -6.4,
        0.0
      ],
      "rotation": [
        0.0,
        0.0,
        0.0
      ],
      "scale": [
        3.8095,
        3.8095,
        3.8095
      ]
    },
    "gui": {
      "translation": [
        0.0,
        0.0,
        0.0
      ],
      "rotation": [
        35.0,
        225.0,
        0.0
      ],
      "scale": [
        0.625,
        0.625,
        0.625
      ]
    }
  }
}