{
  "file_name": "upperarm_left",
  "texture_size": [
    128,
    128
  ],
  "textures": {
    "layer0": "manamodels:entity/sahuagin"
  },
  "elements": [
    {
      "name": "upperarm_left_0",
      "from": [
        6.2,
        2.2999997,
        6.8
      ],
      "to": [
        8.6,
        9.5,
        9.2
      ],
      "rotation": {
        "angle": 45.0,
        "axis": "y",
        "origin": [
          7.4,
          8.0,
          8.0
        ]
      },
      "faces": {
        "east": {
          "uv": [
            4.375,
            10.75,
            3.875,
            12.25
          ],
          "texture": "#layer0",
          "tintindex": 0
        },
        "south": {
          "uv": [
            8.25,
            10.25,
            7.75,
            11.75
          ],
          "texture": "#layer0",
          "tintindex": 0
        },
        "north": {
          "uv": [
            2.5,
            3.5,
            2.0,
            5.0
          ],
          "texture": "#layer0",
          "tintindex": 0
        },
        "west": {
          "uv": [
            5.0,
            0.0,
            4.5,
            1.5
          ],
          "texture": "#layer0",
          "tintindex": 0
        },
        "up": {
          "uv": [
            11.625,
            9.0,
            12.125,
            8.5
          ],
          "texture": "#layer0",
          "tintindex": 0
        },
        "down": {
          "uv": [
            12.125,
            10.875,
            11.625,
            11.375
          ],
          "texture": "#layer0",
          "tintindex": 0
        }
      }
    }
  ],
  "display": {
    "head": {
      "translation": [
        0.0,
        -6.4,
        0.0
      ],
      "rotation": [
        0.0,
        0.0,
        0.0
      ],
      "scale": [
        3.8095,
        3.8095,
        3.8095
      ]
    },
    "gui": {
      "translation": [
        0.0,
        0.0,
        0.0
      ],
      "rotation": [
        35.0,
        225.0,
        0.0
      ],
      "scale": [
        0.625,
        0.625,
        0.625
      ]
    }
  }
}