{
	"credit": "Made with Blockbench",
	"texture_size": [64, 64],
	"textures": {
		"layer0": "manamodels:entity/blue_ghost"
	},
	"elements": [
		{
			"name": "visor_0",
			"from": [5, 5.3, 6.5],
			"to": [11, 10.1, 9.5],
			"faces": {
				"north": {"uv": [10.75, 12.25, 12.5, 13.5], "texture": "#layer0", "tintindex": 0},
				"east": {"uv": [4.5, 14.75, 5, 16], "texture": "#layer0", "tintindex": 0},
				"south": {"uv": [12.25, 13.5, 14, 14.75], "texture": "#layer0", "tintindex": 0},
				"west": {"uv": [11.5, 14.75, 12, 16], "texture": "#layer0", "tintindex": 0},
				"up": {"uv": [12.25, 13.5, 10.5, 13], "texture": "#layer0", "tintindex": 0},
				"down": {"uv": [12, 15.5, 13.75, 16], "texture": "#layer0", "tintindex": 0}
			}
		}
	],
	"display": {
		"gui": {
			"rotation": [35, 225, 0],
			"scale": [0.625, 0.625, 0.625]
		},
		"head": {
			"translation": [0, -6.4, 0],
			"scale": [3.8095, 3.8095, 3.8095]
		}
	}
}