{
	"credit": "Made with Blockbench",
	"texture_size": [64, 64],
	"textures": {
		"0": "manamodels:entity/lime_wazowski_ghost",
		"particle": "manamodels:entity/lime_wazowski_ghost"
	},
	"elements": [
		{
			"name": "body_0",
			"from": [4.1, 2.6, 4.4],
			"to": [11.9, 13.4, 11.6],
			"faces": {
				"north": {"uv": [0, 0, 2.25, 3.5], "texture": "#0", "tintindex": 0},
				"east": {"uv": [0, 3.5, 2, 7], "texture": "#0", "tintindex": 0},
				"south": {"uv": [2.25, 2.25, 4.5, 5.75], "texture": "#0", "tintindex": 0},
				"west": {"uv": [4.5, 4.5, 6.5, 8], "texture": "#0", "tintindex": 0},
				"up": {"uv": [4.5, 2, 2.25, 0], "texture": "#0", "tintindex": 0},
				"down": {"uv": [6.5, 6.5, 8.75, 8.5], "texture": "#0", "tintindex": 0}
			}
		},
		{
			"name": "body_1",
			"from": [3.8, 13.1, 7.7],
			"to": [5, 14.3, 8.9],
			"rotation": {"angle": 0, "axis": "z", "origin": [4.4, 13.7, 8.3]},
			"faces": {
				"north": {"uv": [3.5, 2, 3.75, 2.25], "texture": "#0", "tintindex": 0},
				"east": {"uv": [3.75, 2, 4, 2.25], "texture": "#0", "tintindex": 0},
				"south": {"uv": [4, 2, 4.25, 2.25], "texture": "#0", "tintindex": 0},
				"west": {"uv": [4.25, 2, 4.5, 2.25], "texture": "#0", "tintindex": 0},
				"up": {"uv": [2.25, 5, 2, 4.75], "texture": "#0", "tintindex": 0},
				"down": {"uv": [2, 5, 2.25, 5.25], "texture": "#0", "tintindex": 0}
			}
		},
		{
			"name": "body_2",
			"from": [11, 13.1, 7.7],
			"to": [12.2, 14.3, 8.9],
			"rotation": {"angle": 0, "axis": "z", "origin": [11.6, 13.7, 8.3]},
			"faces": {
				"north": {"uv": [2, 5.25, 2.25, 5.5], "texture": "#0", "tintindex": 0},
				"east": {"uv": [2, 5.5, 2.25, 5.75], "texture": "#0", "tintindex": 0},
				"south": {"uv": [1.75, 7, 2, 7.25], "texture": "#0", "tintindex": 0},
				"west": {"uv": [4, 7, 4.25, 7.25], "texture": "#0", "tintindex": 0},
				"up": {"uv": [4.5, 7.25, 4.25, 7], "texture": "#0", "tintindex": 0},
				"down": {"uv": [1.75, 7.25, 2, 7.5], "texture": "#0", "tintindex": 0}
			}
		},
		{
			"name": "body_3",
			"from": [4.4, -0.48714, 5.29551],
			"to": [11.6, 3.71286, 11.89551],
			"rotation": {"angle": 0, "axis": "x", "origin": [8, 1.61286, 8.59551]},
			"faces": {
				"north": {"uv": [1, 8.5, 3, 9.25], "texture": "#0", "tintindex": 0},
				"east": {"uv": [6.5, 5.75, 8.25, 6.5], "texture": "#0", "tintindex": 0},
				"south": {"uv": [6, 8.5, 8, 9.25], "texture": "#0", "tintindex": 0},
				"west": {"uv": [8, 8.5, 9.75, 9.25], "texture": "#0", "tintindex": 0},
				"up": {"uv": [6.5, 4.5, 4.5, 2.75], "texture": "#0", "tintindex": 0},
				"down": {"uv": [6.5, 0, 8.5, 1.75], "texture": "#0", "tintindex": 0}
			}
		},
		{
			"name": "visor_0",
			"from": [5, 7.3, 3.5],
			"to": [11, 12.1, 6.5],
			"rotation": {"angle": 0, "axis": "y", "origin": [8, 10, 5]},
			"faces": {
				"north": {"uv": [6.5, 4.5, 8.25, 5.75], "texture": "#0", "tintindex": 0},
				"east": {"uv": [4, 5.75, 4.5, 7], "texture": "#0", "tintindex": 0},
				"south": {"uv": [7.5, 1.75, 9.25, 3], "texture": "#0", "tintindex": 0},
				"west": {"uv": [1, 7, 1.5, 8.25], "texture": "#0", "tintindex": 0},
				"up": {"uv": [10.25, 0.5, 8.5, 0], "texture": "#0", "tintindex": 0},
				"down": {"uv": [8.5, 0.5, 10.25, 1], "texture": "#0", "tintindex": 0}
			}
		},
		{
			"name": "visor_1",
			"from": [6.5, 8.2, 3.2],
			"to": [9.5, 11.2, 3.8],
			"rotation": {"angle": 0, "axis": "y", "origin": [8, 10, 5]},
			"faces": {
				"north": {"uv": [8.25, 4, 9.5, 5.25], "texture": "#0", "tintindex": 0},
				"east": {"uv": [2, 3.5, 2.25, 4.75], "texture": "#0", "tintindex": 0},
				"south": {"uv": [8.25, 5.25, 9.5, 6.5], "texture": "#0", "tintindex": 0},
				"west": {"uv": [1.5, 7, 1.75, 8.25], "texture": "#0", "tintindex": 0},
				"up": {"uv": [3.5, 2.25, 2.25, 2], "texture": "#0", "tintindex": 0},
				"down": {"uv": [8.5, 1, 9.75, 1.25], "texture": "#0", "tintindex": 0}
			}
		},
		{
			"name": "back_0",
			"from": [4.7, 3.2, 10.4],
			"to": [11.3, 11.6, 14.6],
			"rotation": {"angle": 0, "axis": "y", "origin": [7.4, -1, 8]},
			"faces": {
				"north": {"uv": [4.5, 0, 6.5, 2.75], "texture": "#0", "tintindex": 0},
				"east": {"uv": [6.5, 1.75, 7.5, 4.5], "texture": "#0", "tintindex": 0},
				"south": {"uv": [2, 5.75, 4, 8.5], "texture": "#0", "tintindex": 0},
				"west": {"uv": [0, 7, 1, 9.75], "texture": "#0", "tintindex": 0},
				"up": {"uv": [9.5, 4, 7.5, 3], "texture": "#0", "tintindex": 0},
				"down": {"uv": [4, 8, 6, 9], "texture": "#0", "tintindex": 0}
			}
		}
	],
	"display": {
		"gui": {
			"rotation": [35, 225, 0],
			"scale": [0.625, 0.625, 0.625]
		},
		"head": {
			"translation": [0, -6.4, 0],
			"scale": [3.8095, 3.8095, 3.8095]
		}
	}
}