{
	"credit": "Made with Blockbench",
	"textures": {
		"4": "olympus/aphrodite-locked"
	},
	"elements": [
		{
			"from": [0, 0, 0],
			"to": [16, 16, 0],
			"faces": {
				"north": {"uv": [0, 0, 16, 16], "texture": "#4"},
				"east": {"uv": [0, 0, 0, 16], "texture": "#4"},
				"south": {"uv": [0, 0, 16, 16], "texture": "#4"},
				"west": {"uv": [0, 0, 0, 16], "texture": "#4"},
				"up": {"uv": [0, 0, 16, 0], "texture": "#4"},
				"down": {"uv": [0, 0, 16, 0], "texture": "#4"}
			}
		}
	],
	"gui_light": "front"
}