{
	"credit": "Made with Blockbench",
	"texture_size": [64, 64],
	"textures": {
		"layer0": "manamodels:entity/yellow"
	},
	"elements": [
		{
			"name": "back_0",
			"from": [4.7, 12.2, 10.4],
			"to": [11.3, 20.6, 14.6],
			"faces": {
				"north": {"uv": [0.5, 11.25, 2.5, 14], "texture": "#layer0", "tintindex": 0},
				"east": {"uv": [1.75, 10.75, 2.75, 13.5], "texture": "#layer0", "tintindex": 0},
				"south": {"uv": [1.25, 11.25, 3.25, 14], "texture": "#layer0", "tintindex": 0},
				"west": {"uv": [1.75, 11, 2.75, 13.75], "texture": "#layer0", "tintindex": 0},
				"up": {"uv": [15.25, 6.25, 13.25, 5.25], "texture": "#layer0", "tintindex": 0},
				"down": {"uv": [12.25, 4.75, 14.25, 5.75], "texture": "#layer0", "tintindex": 0}
			}
		}
	],
	"display": {
		"gui": {
			"rotation": [35, 225, 0],
			"scale": [0.625, 0.625, 0.625]
		},
		"head": {
			"translation": [0, -6.4, 0],
			"scale": [3.8095, 3.8095, 3.8095]
		}
	}
}