{
	"credit": "Made with Blockbench",
	"texture_size": [64, 64],
	"textures": {
		"layer0": "manamodels:entity/yellow"
	},
	"elements": [
		{
			"name": "visor_0",
			"from": [5, 16.1, 3.2],
			"to": [11, 20.9, 6.2],
			"faces": {
				"north": {"uv": [11.75, 3.25, 13.5, 4.5], "texture": "#layer0", "tintindex": 0},
				"east": {"uv": [11.25, 4, 11.75, 5.25], "texture": "#layer0", "tintindex": 0},
				"south": {"uv": [12, 3, 13.75, 4.25], "texture": "#layer0", "tintindex": 0},
				"west": {"uv": [12.25, 4.25, 12.75, 5.5], "texture": "#layer0", "tintindex": 0},
				"up": {"uv": [13, 4, 11.25, 3.5], "texture": "#layer0", "tintindex": 0},
				"down": {"uv": [11.25, 3.25, 13, 3.75], "texture": "#layer0", "tintindex": 0}
			}
		}
	],
	"display": {
		"gui": {
			"rotation": [35, 225, 0],
			"scale": [0.625, 0.625, 0.625]
		},
		"head": {
			"translation": [0, -6.4, 0],
			"scale": [3.8095, 3.8095, 3.8095]
		}
	}
}