{
	"credit": "Made with Blockbench",
	"texture_size": [64, 64],
	"textures": {
		"layer0": "manamodels:entity/orange_antfrost_ghost"
	},
	"elements": [
		{
			"name": "back_0",
			"from": [5.3, 12.2, 10.4],
			"to": [11.9, 20.6, 14.6],
			"faces": {
				"north": {"uv": [8.25, 13.25, 10.25, 16], "texture": "#layer0", "tintindex": 0},
				"east": {"uv": [6.5, 13.25, 7.5, 16], "texture": "#layer0", "tintindex": 0},
				"south": {"uv": [11.5, 13.25, 13.5, 16], "texture": "#layer0", "tintindex": 0},
				"west": {"uv": [15, 13.25, 16, 16], "texture": "#layer0", "tintindex": 0},
				"up": {"uv": [12.5, 16, 10.5, 15], "texture": "#layer0", "tintindex": 0},
				"down": {"uv": [12.25, 15, 14.25, 16], "texture": "#layer0", "tintindex": 0}
			}
		}
	],
	"display": {
		"gui": {
			"rotation": [35, 225, 0],
			"scale": [0.625, 0.625, 0.625]
		},
		"head": {
			"translation": [0, -6.4, 0],
			"scale": [3.8095, 3.8095, 3.8095]
		}
	}
}