{
	"credit": "Made with Blockbench",
	"texture_size": [64, 64],
	"textures": {
		"layer0": "manamodels:entity/easter_bunny"
	},
	"elements": [
		{
			"name": "head_0",
			"from": [6.62491, 7.35962, 6.5],
			"to": [9.62491, 9.75962, 9.5],
			"rotation": {"angle": -22.5, "axis": "z", "origin": [9, 8.5, 8]},
			"faces": {
				"north": {"uv": [6.5, 1.25, 7.75, 2.25], "texture": "#layer0", "tintindex": 0},
				"east": {"uv": [6.5, 2.5, 7.75, 3.5], "texture": "#layer0", "tintindex": 0},
				"south": {"uv": [6.5, 3.75, 7.75, 4.75], "texture": "#layer0", "tintindex": 0},
				"west": {"uv": [6.5, 5, 7.75, 6], "texture": "#layer0", "tintindex": 0},
				"up": {"uv": [4.75, 5.25, 3.5, 4], "texture": "#layer0", "tintindex": 0},
				"down": {"uv": [0, 5, 1.25, 6.25], "texture": "#layer0", "tintindex": 0}
			}
		},
		{
			"name": "head_1",
			"from": [9.62491, 8.25962, 7.7],
			"to": [10.22491, 8.85962, 8.3],
			"rotation": {"angle": -22.5, "axis": "z", "origin": [9, 8.5, 8]},
			"faces": {
				"north": {"uv": [1.5, 10.75, 1.75, 11], "texture": "#layer0", "tintindex": 0},
				"east": {"uv": [2, 10.75, 2.25, 11], "texture": "#layer0", "tintindex": 0},
				"south": {"uv": [6.75, 10.75, 7, 11], "texture": "#layer0", "tintindex": 0},
				"west": {"uv": [7.25, 10.75, 7.5, 11], "texture": "#layer0", "tintindex": 0},
				"up": {"uv": [8, 11, 7.75, 10.75], "texture": "#layer0", "tintindex": 0},
				"down": {"uv": [8.25, 10.75, 8.5, 11], "texture": "#layer0", "tintindex": 0}
			}
		},
		{
			"name": "head_2",
			"from": [6.57736, 9.45962, 5.98087],
			"to": [7.17736, 11.25962, 7.18087],
			"rotation": {"angle": -22.5, "axis": "z", "origin": [9, 8.5, 8]},
			"faces": {
				"north": {"uv": [4.5, 1.5, 4.75, 2.25], "texture": "#layer0", "tintindex": 0},
				"east": {"uv": [7.75, 9, 8.25, 9.75], "texture": "#layer0", "tintindex": 0},
				"south": {"uv": [4.5, 5.5, 4.75, 6.25], "texture": "#layer0", "tintindex": 0},
				"west": {"uv": [9.5, 2, 10, 2.75], "texture": "#layer0", "tintindex": 0},
				"up": {"uv": [10.75, 0.5, 10.5, 0], "texture": "#layer0", "tintindex": 0},
				"down": {"uv": [10.5, 0.75, 10.75, 1.25], "texture": "#layer0", "tintindex": 0}
			}
		},
		{
			"name": "head_3",
			"from": [11.98535, 9.74535, 5.95086],
			"to": [12.58535, 10.94535, 7.15086],
			"rotation": {"angle": 22.5, "axis": "z", "origin": [7.95743, 2.08124, 6.76999]},
			"faces": {
				"north": {"uv": [10.5, 4.5, 10.75, 5], "texture": "#layer0", "tintindex": 0},
				"east": {"uv": [6, 9.75, 6.5, 10.25], "texture": "#layer0", "tintindex": 0},
				"south": {"uv": [10.5, 5.25, 10.75, 5.75], "texture": "#layer0", "tintindex": 0},
				"west": {"uv": [9.25, 9.75, 9.75, 10.25], "texture": "#layer0", "tintindex": 0},
				"up": {"uv": [10.75, 6.5, 10.5, 6], "texture": "#layer0", "tintindex": 0},
				"down": {"uv": [10.5, 6.75, 10.75, 7.25], "texture": "#layer0", "tintindex": 0}
			}
		},
		{
			"name": "head_4",
			"from": [6.92491, 9.94983, 8.62347],
			"to": [7.52491, 12.94983, 9.82347],
			"rotation": {"angle": -22.5, "axis": "z", "origin": [9, 8.5, 8]},
			"faces": {
				"north": {"uv": [0, 9.75, 0.25, 11], "texture": "#layer0", "tintindex": 0},
				"east": {"uv": [3, 8.25, 3.5, 9.5], "texture": "#layer0", "tintindex": 0},
				"south": {"uv": [0.5, 9.75, 0.75, 11], "texture": "#layer0", "tintindex": 0},
				"west": {"uv": [8.5, 8.5, 9, 9.75], "texture": "#layer0", "tintindex": 0},
				"up": {"uv": [4.25, 7.5, 4, 7], "texture": "#layer0", "tintindex": 0},
				"down": {"uv": [6.25, 10.5, 6.5, 11], "texture": "#layer0", "tintindex": 0}
			}
		}
	],
	"display": {
		"gui": {
			"rotation": [35, 225, 0],
			"scale": [0.625, 0.625, 0.625]
		},
		"head": {
			"translation": [0, -6.4, 0],
			"scale": [3.8095, 3.8095, 3.8095]
		}
	}
}