{
  "file_name": "torso",
  "texture_size": [
    64,
    64
  ],
  "textures": {
    "layer0": "manamodels:entity/easter_bunny"
  },
  "elements": [
    {
      "name": "torso_0",
      "from": [
        3.1999998,
        6.8,
        8.0
      ],
      "to": [
        8.6,
        9.8,
        11.6
      ],
      "rotation": {
        "angle": 0.0,
        "axis": "z",
        "origin": [
          8.0,
          8.0,
          8.0
        ]
      },
      "faces": {
        "east": {
          "uv": [
            0.0,
            3.5,
            1.5,
            4.75
          ],
          "texture": "#layer0",
          "tintindex": 0
        },
        "south": {
          "uv": [
            2.5,
            0.0,
            4.75,
            1.25
          ],
          "texture": "#layer0",
          "tintindex": 0
        },
        "north": {
          "uv": [
            2.5,
            2.5,
            4.75,
            3.75
          ],
          "texture": "#layer0",
          "tintindex": 0
        },
        "west": {
          "uv": [
            1.75,
            4.0,
            3.25,
            5.25
          ],
          "texture": "#layer0",
          "tintindex": 0
        },
        "up": {
          "uv": [
            2.25,
            1.5,
            0.0,
            0.0
          ],
          "texture": "#layer0",
          "tintindex": 0
        },
        "down": {
          "uv": [
            0.0,
            1.75,
            2.25,
            3.25
          ],
          "texture": "#layer0",
          "tintindex": 0
        }
      }
    },
    {
      "name": "torso_1",
      "from": [
        1.9999998,
        7.7,
        9.2
      ],
      "to": [
        3.1999998,
        8.9,
        10.4
      ],
      "rotation": {
        "angle": 0.0,
        "axis": "z",
        "origin": [
          8.0,
          8.0,
          8.0
        ]
      },
      "faces": {
        "east": {
          "uv": [
            9.75,
            0.75,
            10.25,
            1.25
          ],
          "texture": "#layer0",
          "tintindex": 0
        },
        "south": {
          "uv": [
            7.75,
            10.0,
            8.25,
            10.5
          ],
          "texture": "#layer0",
          "tintindex": 0
        },
        "north": {
          "uv": [
            9.75,
            0.0,
            10.25,
            0.5
          ],
          "texture": "#layer0",
          "tintindex": 0
        },
        "west": {
          "uv": [
            8.5,
            10.0,
            9.0,
            10.5
          ],
          "texture": "#layer0",
          "tintindex": 0
        },
        "up": {
          "uv": [
            10.5,
            10.5,
            10.0,
            10.0
          ],
          "texture": "#layer0",
          "tintindex": 0
        },
        "down": {
          "uv": [
            10.0,
            3.75,
            10.5,
            4.25
          ],
          "texture": "#layer0",
          "tintindex": 0
        }
      }
    }
  ],
  "display": {
    "head": {
      "translation": [
        0.0,
        -6.4,
        0.0
      ],
      "rotation": [
        0.0,
        0.0,
        0.0
      ],
      "scale": [
        3.8095,
        3.8095,
        3.8095
      ]
    },
    "gui": {
      "translation": [
        0.0,
        0.0,
        0.0
      ],
      "rotation": [
        35.0,
        225.0,
        0.0
      ],
      "scale": [
        0.625,
        0.625,
        0.625
      ]
    }
  }
}