{
	"credit": "Made with Blockbench",
	"texture_size": [64, 64],
	"textures": {
		"layer0": "manamodels:entity/red"
	},
	"elements": [
		{
			"name": "back_0",
			"from": [5.3, 12.2, 10.4],
			"to": [11.9, 20.6, 14.6],
			"faces": {
				"north": {"uv": [13.5, 6.75, 15.5, 9.5], "texture": "#layer0", "tintindex": 0},
				"east": {"uv": [12, 8.5, 13, 11.25], "texture": "#layer0", "tintindex": 0},
				"south": {"uv": [13, 10, 15, 12.75], "texture": "#layer0", "tintindex": 0},
				"west": {"uv": [14.5, 9.75, 15.5, 12.5], "texture": "#layer0", "tintindex": 0},
				"up": {"uv": [16, 8.5, 14, 7.5], "texture": "#layer0", "tintindex": 0},
				"down": {"uv": [13.75, 8.5, 15.75, 9.5], "texture": "#layer0", "tintindex": 0}
			}
		}
	],
	"display": {
		"gui": {
			"rotation": [35, 225, 0],
			"scale": [0.625, 0.625, 0.625]
		},
		"head": {
			"translation": [0, -6.4, 0],
			"scale": [3.8095, 3.8095, 3.8095]
		}
	}
}