{
	"credit": "Made with Blockbench",
	"texture_size": [64, 64],
	"textures": {
		"layer0": "manamodels:entity/red"
	},
	"elements": [
		{
			"name": "visor_0",
			"from": [5, 5.3, 6.5],
			"to": [11, 10.1, 9.5],
			"faces": {
				"north": {"uv": [13.5, 5, 15.25, 6.25], "texture": "#layer0", "tintindex": 0},
				"east": {"uv": [13.25, 7.25, 13.75, 8.5], "texture": "#layer0", "tintindex": 0},
				"south": {"uv": [13.75, 7.25, 15.5, 8.5], "texture": "#layer0", "tintindex": 0},
				"west": {"uv": [14, 6.25, 14.5, 7.5], "texture": "#layer0", "tintindex": 0},
				"up": {"uv": [15.5, 6.5, 13.75, 6], "texture": "#layer0", "tintindex": 0},
				"down": {"uv": [12.25, 5.5, 14, 6], "texture": "#layer0", "tintindex": 0}
			}
		}
	],
	"display": {
		"gui": {
			"rotation": [35, 225, 0],
			"scale": [0.625, 0.625, 0.625]
		},
		"head": {
			"translation": [0, -6.4, 0],
			"scale": [3.8095, 3.8095, 3.8095]
		}
	}
}