{
  "file_name": "rightarm",
  "texture_size": [
    128,
    128
  ],
  "textures": {
    "layer0": "manamodels:entity/dwarf"
  },
  "elements": [
    {
      "name": "rightarm_0",
      "from": [
        10.4948,
        1.3465999,
        6.49106
      ],
      "to": [
        13.8212,
        7.1678,
        10.06694
      ],
      "rotation": {
        "angle": 22.5,
        "axis": "z",
        "origin": [
          10.494801,
          5.5045996,
          8.694799
        ]
      },
      "faces": {
        "east": {
          "uv": [
            0.0,
            6.125,
            0.5,
            7.0
          ],
          "texture": "#layer0",
          "tintindex": 0
        },
        "south": {
          "uv": [
            1.5,
            6.125,
            2.0,
            7.0
          ],
          "texture": "#layer0",
          "tintindex": 0
        },
        "north": {
          "uv": [
            0.5,
            6.125,
            1.0,
            7.0
          ],
          "texture": "#layer0",
          "tintindex": 0
        },
        "west": {
          "uv": [
            1.0,
            6.125,
            1.5,
            7.0
          ],
          "texture": "#layer0",
          "tintindex": 0
        },
        "up": {
          "uv": [
            1.0,
            6.125,
            0.5,
            5.625
          ],
          "texture": "#layer0",
          "tintindex": 0
        },
        "down": {
          "uv": [
            1.0,
            5.625,
            1.5,
            6.125
          ],
          "texture": "#layer0",
          "tintindex": 0
        }
      }
    },
    {
      "name": "rightarm_1",
      "from": [
        10.2869005,
        1.3465999,
        6.28316
      ],
      "to": [
        14.0291,
        4.0493,
        10.274841
      ],
      "rotation": {
        "angle": 22.5,
        "axis": "z",
        "origin": [
          10.494801,
          5.5045996,
          8.694799
        ]
      },
      "faces": {
        "east": {
          "uv": [
            7.5,
            5.5,
            8.0,
            5.875
          ],
          "texture": "#layer0",
          "tintindex": 0
        },
        "south": {
          "uv": [
            9.0,
            5.5,
            9.5,
            5.875
          ],
          "texture": "#layer0",
          "tintindex": 0
        },
        "north": {
          "uv": [
            8.0,
            5.5,
            8.5,
            5.875
          ],
          "texture": "#layer0",
          "tintindex": 0
        },
        "west": {
          "uv": [
            8.5,
            5.5,
            9.0,
            5.875
          ],
          "texture": "#layer0",
          "tintindex": 0
        },
        "up": {
          "uv": [
            8.5,
            5.5,
            8.0,
            5.0
          ],
          "texture": "#layer0",
          "tintindex": 0
        },
        "down": {
          "uv": [
            8.5,
            5.0,
            9.0,
            5.5
          ],
          "texture": "#layer0",
          "tintindex": 0
        }
      }
    },
    {
      "name": "rightarm_2",
      "from": [
        11.950099,
        -0.31660032,
        6.4079
      ],
      "to": [
        15.2765,
        3.0098,
        10.150101
      ],
      "rotation": {
        "angle": 0.0,
        "axis": "z",
        "origin": [
          8.0,
          8.0,
          8.0
        ]
      },
      "faces": {
        "east": {
          "uv": [
            7.0,
            7.5,
            7.5,
            8.0
          ],
          "texture": "#layer0",
          "tintindex": 0
        },
        "south": {
          "uv": [
            8.5,
            7.5,
            9.0,
            8.0
          ],
          "texture": "#layer0",
          "tintindex": 0
        },
        "north": {
          "uv": [
            7.5,
            7.5,
            8.0,
            8.0
          ],
          "texture": "#layer0",
          "tintindex": 0
        },
        "west": {
          "uv": [
            8.0,
            7.5,
            8.5,
            8.0
          ],
          "texture": "#layer0",
          "tintindex": 0
        },
        "up": {
          "uv": [
            8.0,
            7.5,
            7.5,
            7.0
          ],
          "texture": "#layer0",
          "tintindex": 0
        },
        "down": {
          "uv": [
            8.0,
            7.0,
            8.5,
            7.5
          ],
          "texture": "#layer0",
          "tintindex": 0
        }
      }
    },
    {
      "name": "rightarm_3",
      "from": [
        12.157999,
        -0.94030046,
        12.0212
      ],
      "to": [
        15.4844,
        2.3860998,
        14.516001
      ],
      "rotation": {
        "angle": 0.0,
        "axis": "z",
        "origin": [
          8.0,
          8.0,
          8.0
        ]
      },
      "faces": {
        "east": {
          "uv": [
            1.875,
            4.875,
            2.25,
            5.375
          ],
          "texture": "#layer0",
          "tintindex": 0
        },
        "south": {
          "uv": [
            3.125,
            4.875,
            3.625,
            5.375
          ],
          "texture": "#layer0",
          "tintindex": 0
        },
        "north": {
          "uv": [
            2.25,
            4.875,
            2.75,
            5.375
          ],
          "texture": "#layer0",
          "tintindex": 0
        },
        "west": {
          "uv": [
            2.75,
            4.875,
            3.125,
            5.375
          ],
          "texture": "#layer0",
          "tintindex": 0
        },
        "up": {
          "uv": [
            2.75,
            4.875,
            2.25,
            4.5
          ],
          "texture": "#layer0",
          "tintindex": 0
        },
        "down": {
          "uv": [
            2.75,
            4.5,
            3.25,
            4.875
          ],
          "texture": "#layer0",
          "tintindex": 0
        }
      }
    },
    {
      "name": "rightarm_4",
      "from": [
        12.157999,
        -0.94030046,
        2.0419996
      ],
      "to": [
        15.4844,
        2.3860998,
        2.8735995
      ],
      "rotation": {
        "angle": 0.0,
        "axis": "z",
        "origin": [
          8.0,
          8.0,
          8.0
        ]
      },
      "faces": {
        "east": {
          "uv": [
            4.75,
            5.5,
            4.875,
            6.0
          ],
          "texture": "#layer0",
          "tintindex": 0
        },
        "south": {
          "uv": [
            5.5,
            5.5,
            6.0,
            6.0
          ],
          "texture": "#layer0",
          "tintindex": 0
        },
        "north": {
          "uv": [
            4.875,
            5.5,
            5.375,
            6.0
          ],
          "texture": "#layer0",
          "tintindex": 0
        },
        "west": {
          "uv": [
            5.375,
            5.5,
            5.5,
            6.0
          ],
          "texture": "#layer0",
          "tintindex": 0
        },
        "up": {
          "uv": [
            5.375,
            5.5,
            4.875,
            5.375
          ],
          "texture": "#layer0",
          "tintindex": 0
        },
        "down": {
          "uv": [
            5.375,
            5.375,
            5.875,
            5.5
          ],
          "texture": "#layer0",
          "tintindex": 0
        }
      }
    },
    {
      "name": "rightarm_5",
      "from": [
        11.326401,
        -3.4351006,
        -2.1160007
      ],
      "to": [
        16.316002,
        4.8808994,
        2.0419993
      ],
      "rotation": {
        "angle": 0.0,
        "axis": "z",
        "origin": [
          8.0,
          8.0,
          8.0
        ]
      },
      "faces": {
        "east": {
          "uv": [
            2.625,
            6.0,
            3.25,
            7.25
          ],
          "texture": "#layer0",
          "tintindex": 0
        },
        "south": {
          "uv": [
            4.625,
            6.0,
            5.375,
            7.25
          ],
          "texture": "#layer0",
          "tintindex": 0
        },
        "north": {
          "uv": [
            3.25,
            6.0,
            4.0,
            7.25
          ],
          "texture": "#layer0",
          "tintindex": 0
        },
        "west": {
          "uv": [
            4.0,
            6.0,
            4.625,
            7.25
          ],
          "texture": "#layer0",
          "tintindex": 0
        },
        "up": {
          "uv": [
            4.0,
            6.0,
            3.25,
            5.375
          ],
          "texture": "#layer0",
          "tintindex": 0
        },
        "down": {
          "uv": [
            4.0,
            5.375,
            4.75,
            6.0
          ],
          "texture": "#layer0",
          "tintindex": 0
        }
      }
    },
    {
      "name": "rightarm_6",
      "from": [
        11.118501,
        2.3861,
        -2.3238997
      ],
      "to": [
        16.523901,
        4.0493,
        2.2499003
      ],
      "rotation": {
        "angle": 0.0,
        "axis": "z",
        "origin": [
          8.0,
          8.0,
          8.0
        ]
      },
      "faces": {
        "east": {
          "uv": [
            5.625,
            0.875,
            6.25,
            1.125
          ],
          "texture": "#layer0",
          "tintindex": 0
        },
        "south": {
          "uv": [
            7.625,
            0.875,
            8.375,
            1.125
          ],
          "texture": "#layer0",
          "tintindex": 0
        },
        "north": {
          "uv": [
            6.25,
            0.875,
            7.0,
            1.125
          ],
          "texture": "#layer0",
          "tintindex": 0
        },
        "west": {
          "uv": [
            7.0,
            0.875,
            7.625,
            1.125
          ],
          "texture": "#layer0",
          "tintindex": 0
        },
        "up": {
          "uv": [
            7.0,
            0.875,
            6.25,
            0.25
          ],
          "texture": "#layer0",
          "tintindex": 0
        },
        "down": {
          "uv": [
            7.0,
            0.25,
            7.75,
            0.875
          ],
          "texture": "#layer0",
          "tintindex": 0
        }
      }
    },
    {
      "name": "rightarm_7",
      "from": [
        11.118501,
        -2.6035008,
        -2.3238997
      ],
      "to": [
        16.523901,
        -0.94030046,
        2.2499003
      ],
      "rotation": {
        "angle": 0.0,
        "axis": "z",
        "origin": [
          8.0,
          8.0,
          8.0
        ]
      },
      "faces": {
        "east": {
          "uv": [
            5.375,
            6.0,
            6.0,
            6.25
          ],
          "texture": "#layer0",
          "tintindex": 0
        },
        "south": {
          "uv": [
            7.375,
            6.0,
            8.125,
            6.25
          ],
          "texture": "#layer0",
          "tintindex": 0
        },
        "north": {
          "uv": [
            6.0,
            6.0,
            6.75,
            6.25
          ],
          "texture": "#layer0",
          "tintindex": 0
        },
        "west": {
          "uv": [
            6.75,
            6.0,
            7.375,
            6.25
          ],
          "texture": "#layer0",
          "tintindex": 0
        },
        "up": {
          "uv": [
            6.75,
            6.0,
            6.0,
            5.375
          ],
          "texture": "#layer0",
          "tintindex": 0
        },
        "down": {
          "uv": [
            6.75,
            5.375,
            7.5,
            6.0
          ],
          "texture": "#layer0",
          "tintindex": 0
        }
      }
    },
    {
      "name": "rightarm_8",
      "from": [
        12.989601,
        -0.10870004,
        2.8736
      ],
      "to": [
        14.652801,
        1.5545,
        12.0212
      ],
      "rotation": {
        "angle": 0.0,
        "axis": "z",
        "origin": [
          8.0,
          8.0,
          8.0
        ]
      },
      "faces": {
        "east": {
          "uv": [
            0.0,
            5.375,
            1.375,
            5.625
          ],
          "texture": "#layer0",
          "tintindex": 0
        },
        "south": {
          "uv": [
            3.0,
            5.375,
            3.25,
            5.625
          ],
          "texture": "#layer0",
          "tintindex": 0
        },
        "north": {
          "uv": [
            1.375,
            5.375,
            1.625,
            5.625
          ],
          "texture": "#layer0",
          "tintindex": 0
        },
        "west": {
          "uv": [
            1.625,
            5.375,
            3.0,
            5.625
          ],
          "texture": "#layer0",
          "tintindex": 0
        },
        "up": {
          "uv": [
            1.625,
            5.375,
            1.375,
            4.0
          ],
          "texture": "#layer0",
          "tintindex": 0
        },
        "down": {
          "uv": [
            1.625,
            4.0,
            1.875,
            5.375
          ],
          "texture": "#layer0",
          "tintindex": 0
        }
      }
    }
  ],
  "display": {
    "head": {
      "translation": [
        0.0,
        -6.4,
        0.0
      ],
      "rotation": [
        0.0,
        0.0,
        0.0
      ],
      "scale": [
        3.8095,
        3.8095,
        3.8095
      ]
    },
    "gui": {
      "translation": [
        0.0,
        0.0,
        0.0
      ],
      "rotation": [
        35.0,
        225.0,
        0.0
      ],
      "scale": [
        0.625,
        0.625,
        0.625
      ]
    }
  }
}