{
	"credit": "Made with Blockbench",
	"texture_size": [64, 64],
	"textures": {
		"layer0": "manamodels:entity/purple"
	},
	"elements": [
		{
			"name": "body_0",
			"from": [4.1, 2.6, 4.4],
			"to": [11.9, 13.4, 11.6],
			"faces": {
				"north": {"uv": [2, 2, 4.25, 5.5], "texture": "#layer0", "tintindex": 0},
				"east": {"uv": [0, 2, 2, 5.5], "texture": "#layer0", "tintindex": 0},
				"south": {"uv": [6.25, 2, 8.5, 5.5], "texture": "#layer0", "tintindex": 0},
				"west": {"uv": [4.25, 2, 6.25, 5.5], "texture": "#layer0", "tintindex": 0},
				"up": {"uv": [4.25, 2, 2, 0], "texture": "#layer0", "tintindex": 0},
				"down": {"uv": [4.25, 0, 6.5, 2], "texture": "#layer0", "tintindex": 0}
			}
		},
		{
			"name": "visor_0",
			"from": [5, 7.1, 3.2],
			"to": [11, 11.9, 6.2],
			"rotation": {"angle": 0, "axis": "y", "origin": [8, -1, 8]},
			"faces": {
				"north": {"uv": [7, 0.5, 8.75, 1.75], "texture": "#layer0", "tintindex": 0},
				"east": {"uv": [6.5, 0.5, 7, 1.75], "texture": "#layer0", "tintindex": 0},
				"south": {"uv": [9.25, 0.5, 11, 1.75], "texture": "#layer0", "tintindex": 0},
				"west": {"uv": [8.75, 0.5, 9.25, 1.75], "texture": "#layer0", "tintindex": 0},
				"up": {"uv": [8.75, 0.5, 7, 0], "texture": "#layer0", "tintindex": 0},
				"down": {"uv": [8.75, 0, 10.5, 0.5], "texture": "#layer0", "tintindex": 0}
			}
		},
		{
			"name": "back_0",
			"from": [4.7, 3.2, 10.4],
			"to": [11.3, 11.6, 14.6],
			"rotation": {"angle": 0, "axis": "y", "origin": [8, -1, 8]},
			"faces": {
				"north": {"uv": [1, 6.5, 3, 9.25], "texture": "#layer0", "tintindex": 0},
				"east": {"uv": [0, 6.5, 1, 9.25], "texture": "#layer0", "tintindex": 0},
				"south": {"uv": [4, 6.5, 6, 9.25], "texture": "#layer0", "tintindex": 0},
				"west": {"uv": [3, 6.5, 4, 9.25], "texture": "#layer0", "tintindex": 0},
				"up": {"uv": [3, 6.5, 1, 5.5], "texture": "#layer0", "tintindex": 0},
				"down": {"uv": [3, 5.5, 5, 6.5], "texture": "#layer0", "tintindex": 0}
			}
		}
	],
	"display": {
		"gui": {
			"rotation": [35, 225, 0],
			"scale": [0.625, 0.625, 0.625]
		},
		"head": {
			"translation": [0, -6.4, 0],
			"scale": [3.8095, 3.8095, 3.8095]
		}
	}
}