{
	"credit": "Made with Blockbench",
	"texture_size": [64, 64],
	"textures": {
		"layer0": "manamodels:entity/lime_dream"
	},
	"elements": [
		{
			"name": "visor_0",
			"from": [5, 5.3, 6.5],
			"to": [11, 10.1, 9.5],
			"faces": {
				"north": {"uv": [14.25, 4.25, 16, 5.5], "texture": "#layer0", "tintindex": 0},
				"east": {"uv": [12.25, 7.5, 12.75, 8.75], "texture": "#layer0", "tintindex": 0},
				"south": {"uv": [14.25, 4.25, 16, 5.5], "texture": "#layer0", "tintindex": 0},
				"west": {"uv": [15.5, 12.5, 16, 13.75], "texture": "#layer0", "tintindex": 0},
				"up": {"uv": [16, 12, 14.25, 11.5], "texture": "#layer0", "tintindex": 0},
				"down": {"uv": [14.25, 8, 16, 8.5], "texture": "#layer0", "tintindex": 0}
			}
		},
		{
			"name": "visor_1",
			"from": [4.7, 5, 6.44],
			"to": [11.3, 10.4, 7.04],
			"faces": {
				"north": {"uv": [14.25, 4.25, 16, 5.5], "texture": "#layer0", "tintindex": 0},
				"east": {"uv": [12.25, 7.5, 12.75, 8.75], "texture": "#layer0", "tintindex": 0},
				"south": {"uv": [14.25, 4.25, 16, 5.5], "texture": "#layer0", "tintindex": 0},
				"west": {"uv": [15.5, 12.5, 16, 13.75], "texture": "#layer0", "tintindex": 0},
				"up": {"uv": [16, 12, 14.25, 11.5], "texture": "#layer0", "tintindex": 0},
				"down": {"uv": [14.25, 8, 16, 8.5], "texture": "#layer0", "tintindex": 0}
			}
		}
	],
	"display": {
		"gui": {
			"rotation": [35, 225, 0],
			"scale": [0.625, 0.625, 0.625]
		},
		"head": {
			"translation": [0, -6.4, 0],
			"scale": [3.8095, 3.8095, 3.8095]
		}
	}
}