{
	"credit": "Made with Blockbench",
	"texture_size": [64, 64],
	"textures": {
		"layer0": "manamodels:entity/black_batman_ghost"
	},
	"elements": [
		{
			"name": "body_0",
			"from": [4.1, 2.6, 4.4],
			"to": [11.9, 13.4, 11.6],
			"faces": {
				"north": {"uv": [0, 0, 2.25, 3.5], "texture": "#layer0", "tintindex": 0},
				"east": {"uv": [0, 3.5, 2, 7], "texture": "#layer0", "tintindex": 0},
				"south": {"uv": [2.25, 2.25, 4.5, 5.75], "texture": "#layer0", "tintindex": 0},
				"west": {"uv": [4.5, 4.5, 6.5, 8], "texture": "#layer0", "tintindex": 0},
				"up": {"uv": [4.5, 2, 2.25, 0], "texture": "#layer0", "tintindex": 0},
				"down": {"uv": [6.5, 6.5, 8.75, 8.5], "texture": "#layer0", "tintindex": 0}
			}
		},
		{
			"name": "body_1",
			"from": [10.1, 13.4, 7.4],
			"to": [11.9, 15.8, 9.2],
			"faces": {
				"north": {"uv": [2, 3.5, 2.25, 4], "texture": "#layer0", "tintindex": 0},
				"east": {"uv": [2, 4, 2.25, 4.5], "texture": "#layer0", "tintindex": 0},
				"south": {"uv": [2, 4.5, 2.25, 5], "texture": "#layer0", "tintindex": 0},
				"west": {"uv": [2, 5, 2.25, 5.5], "texture": "#layer0", "tintindex": 0},
				"up": {"uv": [2.5, 2.25, 2.25, 2], "texture": "#layer0", "tintindex": 0},
				"down": {"uv": [2.5, 2, 2.75, 2.25], "texture": "#layer0", "tintindex": 0}
			}
		},
		{
			"name": "body_2",
			"from": [4.1, 13.4, 7.4],
			"to": [5.9, 15.8, 9.2],
			"faces": {
				"north": {"uv": [1.5, 7, 1.75, 7.5], "texture": "#layer0", "tintindex": 0},
				"east": {"uv": [1.75, 7, 2, 7.5], "texture": "#layer0", "tintindex": 0},
				"south": {"uv": [4, 7, 4.25, 7.5], "texture": "#layer0", "tintindex": 0},
				"west": {"uv": [4.25, 7, 4.5, 7.5], "texture": "#layer0", "tintindex": 0},
				"up": {"uv": [3, 2.25, 2.75, 2], "texture": "#layer0", "tintindex": 0},
				"down": {"uv": [3, 2, 3.25, 2.25], "texture": "#layer0", "tintindex": 0}
			}
		},
		{
			"name": "body_3",
			"from": [4.4, -0.4, 5],
			"to": [11.6, 3.8, 11.6],
			"rotation": {"angle": 0, "axis": "x", "origin": [8, 1.7, 8.3]},
			"faces": {
				"north": {"uv": [6.5, 5.75, 8.5, 6.5], "texture": "#layer0", "tintindex": 0},
				"east": {"uv": [8.25, 4.75, 10, 5.5], "texture": "#layer0", "tintindex": 0},
				"south": {"uv": [8.25, 4, 10.25, 4.75], "texture": "#layer0", "tintindex": 0},
				"west": {"uv": [1, 8.5, 2.75, 9.25], "texture": "#layer0", "tintindex": 0},
				"up": {"uv": [6.5, 4.5, 4.5, 2.75], "texture": "#layer0", "tintindex": 0},
				"down": {"uv": [6.5, 0, 8.5, 1.75], "texture": "#layer0", "tintindex": 0}
			}
		},
		{
			"name": "visor_0",
			"from": [5, 7.3, 3.5],
			"to": [11, 12.1, 6.5],
			"rotation": {"angle": 0, "axis": "y", "origin": [8, 10, 5]},
			"faces": {
				"north": {"uv": [6.5, 4.5, 8.25, 5.75], "texture": "#layer0", "tintindex": 0},
				"east": {"uv": [4, 5.75, 4.5, 7], "texture": "#layer0", "tintindex": 0},
				"south": {"uv": [7.5, 1.75, 9.25, 3], "texture": "#layer0", "tintindex": 0},
				"west": {"uv": [1, 7, 1.5, 8.25], "texture": "#layer0", "tintindex": 0},
				"up": {"uv": [7.75, 9, 6, 8.5], "texture": "#layer0", "tintindex": 0},
				"down": {"uv": [7.75, 8.5, 9.5, 9], "texture": "#layer0", "tintindex": 0}
			}
		},
		{
			"name": "back_0",
			"from": [4.7, 3.2, 10.4],
			"to": [11.3, 11.6, 14.6],
			"rotation": {"angle": 0, "axis": "y", "origin": [7.4, -1, 8]},
			"faces": {
				"north": {"uv": [4.5, 0, 6.5, 2.75], "texture": "#layer0", "tintindex": 0},
				"east": {"uv": [6.5, 1.75, 7.5, 4.5], "texture": "#layer0", "tintindex": 0},
				"south": {"uv": [2, 5.75, 4, 8.5], "texture": "#layer0", "tintindex": 0},
				"west": {"uv": [0, 7, 1, 9.75], "texture": "#layer0", "tintindex": 0},
				"up": {"uv": [9.5, 4, 7.5, 3], "texture": "#layer0", "tintindex": 0},
				"down": {"uv": [4, 8, 6, 9], "texture": "#layer0", "tintindex": 0}
			}
		}
	],
	"display": {
		"gui": {
			"rotation": [35, 225, 0],
			"scale": [0.625, 0.625, 0.625]
		},
		"head": {
			"translation": [0, -6.4, 0],
			"scale": [3.8095, 3.8095, 3.8095]
		}
	}
}