{
	"credit": "Made with Blockbench",
	"texture_size": [64, 64],
	"textures": {
		"layer0": "manamodels:entity/mummy"
	},
	"elements": [
		{
			"name": "head_0",
			"from": [6.2, 8, 6.2],
			"to": [9.8, 9.2, 9.8],
			"faces": {
				"north": {"uv": [2, 1.5, 3.5, 2], "texture": "#layer0", "tintindex": 0},
				"east": {"uv": [7, 5.5, 8.5, 6], "texture": "#layer0", "tintindex": 0},
				"south": {"uv": [7, 6, 8.5, 6.5], "texture": "#layer0", "tintindex": 0},
				"west": {"uv": [7, 6.5, 8.5, 7], "texture": "#layer0", "tintindex": 0},
				"up": {"uv": [1.5, 7, 0, 5.5], "texture": "#layer0", "tintindex": 0},
				"down": {"uv": [4, 5.5, 5.5, 7], "texture": "#layer0", "tintindex": 0}
			}
		},
		{
			"name": "head_1",
			"from": [5.6, 9.2, 5.6],
			"to": [10.4, 12.8, 10.4],
			"faces": {
				"north": {"uv": [2, 2, 4, 3.5], "texture": "#layer0", "tintindex": 0},
				"east": {"uv": [2, 0, 4, 1.5], "texture": "#layer0", "tintindex": 0},
				"south": {"uv": [2, 3.5, 4, 5], "texture": "#layer0", "tintindex": 0},
				"west": {"uv": [0, 4, 2, 5.5], "texture": "#layer0", "tintindex": 0},
				"up": {"uv": [2, 2, 0, 0], "texture": "#layer0", "tintindex": 0},
				"down": {"uv": [0, 2, 2, 4], "texture": "#layer0", "tintindex": 0}
			}
		}
	],
	"gui_light": "front",
	"display": {
		"gui": {
			"rotation": [35, 225, 0],
			"translation": [0, -4.25, 0],
			"scale": [2, 2, 2]
		},
		"head": {
			"translation": [0, -6.4, 0],
			"scale": [3.8095, 3.8095, 3.8095]
		}
	}
}