{
  "file_name": "tail2",
  "texture_size": [
    128,
    128
  ],
  "textures": {
    "layer0": "manamodels:entity/kangaroo"
  },
  "elements": [
    {
      "name": "tail2_0",
      "from": [
        6.7939997,
        6.7939997,
        7.994
      ],
      "to": [
        9.206,
        9.206,
        11.606
      ],
      "rotation": {
        "angle": 0.0,
        "axis": "z",
        "origin": [
          8.0,
          8.0,
          8.0
        ]
      },
      "faces": {
        "down": {
          "uv": [
            6.25,
            0.75,
            6.75,
            1.5
          ],
          "texture": "#layer0",
          "tintindex": 0
        },
        "east": {
          "uv": [
            1.25,
            6.125,
            2.0,
            6.625
          ],
          "texture": "#layer0",
          "tintindex": 0
        },
        "north": {
          "uv": [
            6.875,
            4.75,
            7.375,
            5.25
          ],
          "texture": "#layer0",
          "tintindex": 0
        },
        "south": {
          "uv": [
            6.875,
            5.25,
            7.375,
            5.75
          ],
          "texture": "#layer0",
          "tintindex": 0
        },
        "up": {
          "uv": [
            4.75,
            5.75,
            4.25,
            5.0
          ],
          "texture": "#layer0",
          "tintindex": 0
        },
        "west": {
          "uv": [
            2.0,
            6.125,
            2.75,
            6.625
          ],
          "texture": "#layer0",
          "tintindex": 0
        }
      }
    },
    {
      "name": "tail2_1",
      "from": [
        7.394,
        6.7939997,
        11.594
      ],
      "to": [
        8.606,
        8.0060005,
        15.206
      ],
      "rotation": {
        "angle": 0.0,
        "axis": "x",
        "origin": [
          8.0,
          7.3413863,
          11.530059
        ]
      },
      "faces": {
        "down": {
          "uv": [
            1.0,
            2.75,
            1.25,
            3.5
          ],
          "texture": "#layer0",
          "tintindex": 0
        },
        "east": {
          "uv": [
            4.75,
            1.0,
            5.5,
            1.25
          ],
          "texture": "#layer0",
          "tintindex": 0
        },
        "north": {
          "uv": [
            2.25,
            3.375,
            2.5,
            3.625
          ],
          "texture": "#layer0",
          "tintindex": 0
        },
        "south": {
          "uv": [
            1.0,
            3.5,
            1.25,
            3.75
          ],
          "texture": "#layer0",
          "tintindex": 0
        },
        "up": {
          "uv": [
            2.5,
            3.375,
            2.25,
            2.625
          ],
          "texture": "#layer0",
          "tintindex": 0
        },
        "west": {
          "uv": [
            6.875,
            0.5,
            7.625,
            0.75
          ],
          "texture": "#layer0",
          "tintindex": 0
        }
      }
    }
  ],
  "display": {
    "head": {
      "translation": [
        0.0,
        -6.4,
        0.0
      ],
      "rotation": [
        0.0,
        0.0,
        0.0
      ],
      "scale": [
        3.8095,
        3.8095,
        3.8095
      ]
    },
    "gui": {
      "translation": [
        0.0,
        0.0,
        0.0
      ],
      "rotation": [
        35.0,
        225.0,
        0.0
      ],
      "scale": [
        0.625,
        0.625,
        0.625
      ]
    }
  }
}