{
	"credit": "Made with Blockbench",
	"texture_size": [64, 64],
	"textures": {
		"layer0": "manamodels:entity/yellow_minion"
	},
	"elements": [
		{
			"name": "back_0",
			"from": [5.3, 12.2, 10.4],
			"to": [11.9, 20.6, 14.6],
			"faces": {
				"north": {"uv": [12.25, 6.5, 14.25, 9.25], "texture": "#layer0", "tintindex": 0},
				"east": {"uv": [11.5, 3.75, 12.5, 6.5], "texture": "#layer0", "tintindex": 0},
				"south": {"uv": [9.25, 11, 11.25, 13.75], "texture": "#layer0", "tintindex": 0},
				"west": {"uv": [12.25, 7.75, 13.25, 10.5], "texture": "#layer0", "tintindex": 0},
				"up": {"uv": [16, 10.75, 14, 9.75], "texture": "#layer0", "tintindex": 0},
				"down": {"uv": [12.25, 4.25, 14.25, 5.25], "texture": "#layer0", "tintindex": 0}
			}
		}
	],
	"display": {
		"gui": {
			"rotation": [35, 225, 0],
			"scale": [0.625, 0.625, 0.625]
		},
		"head": {
			"translation": [0, -6.4, 0],
			"scale": [3.8095, 3.8095, 3.8095]
		}
	}
}