{
	"credit": "Made with Blockbench",
	"texture_size": [64, 64],
	"textures": {
		"layer0": "manamodels:entity/yellow_minion"
	},
	"elements": [
		{
			"name": "leftleg_0",
			"from": [6.2, 0.32, 5.9],
			"to": [9.8, 4.52, 10.1],
			"faces": {
				"north": {"uv": [3, 8.5, 4, 9.75], "texture": "#layer0", "tintindex": 0},
				"east": {"uv": [7.5, 3.5, 8.75, 4.75], "texture": "#layer0", "tintindex": 0},
				"south": {"uv": [6.25, 8.5, 7.25, 9.75], "texture": "#layer0", "tintindex": 0},
				"west": {"uv": [4, 8, 5.25, 9.25], "texture": "#layer0", "tintindex": 0},
				"up": {"uv": [8.25, 9.75, 7.25, 8.5], "texture": "#layer0", "tintindex": 0},
				"down": {"uv": [8.25, 8.5, 9.25, 9.75], "texture": "#layer0", "tintindex": 0}
			}
		}
	],
	"display": {
		"gui": {
			"rotation": [35, 225, 0],
			"scale": [0.625, 0.625, 0.625]
		},
		"head": {
			"translation": [0, -6.4, 0],
			"scale": [3.8095, 3.8095, 3.8095]
		}
	}
}