{
	"credit": "Made with Blockbench",
	"texture_size": [64, 64],
	"textures": {
		"layer0": "manamodels:entity/black_batman_ghost"
	},
	"elements": [
		{
			"name": "visor_0",
			"from": [5, 5.3, 6.5],
			"to": [11, 10.1, 9.5],
			"faces": {
				"north": {"uv": [7.25, 14.75, 9, 16], "texture": "#layer0", "tintindex": 0},
				"east": {"uv": [4.25, 14.75, 4.75, 16], "texture": "#layer0", "tintindex": 0},
				"south": {"uv": [7.5, 13.5, 9.25, 14.75], "texture": "#layer0", "tintindex": 0},
				"west": {"uv": [2.25, 14.75, 2.75, 16], "texture": "#layer0", "tintindex": 0},
				"up": {"uv": [11.5, 16, 9.75, 15.5], "texture": "#layer0", "tintindex": 0},
				"down": {"uv": [11, 15.5, 12.75, 16], "texture": "#layer0", "tintindex": 0}
			}
		}
	],
	"display": {
		"gui": {
			"rotation": [35, 225, 0],
			"scale": [0.625, 0.625, 0.625]
		},
		"head": {
			"translation": [0, -6.4, 0],
			"scale": [3.8095, 3.8095, 3.8095]
		}
	}
}