{
	"credit": "Made with Blockbench",
	"texture_size": [64, 64],
	"textures": {
		"layer0": "manamodels:entity/white_boo"
	},
	"elements": [
		{
			"name": "visor_0",
			"from": [5, 5.3, 6.5],
			"to": [11, 10.1, 9.5],
			"faces": {
				"north": {"uv": [12.5, 10, 14.25, 11.25], "texture": "#layer0", "tintindex": 0},
				"east": {"uv": [10.25, 12.5, 10.75, 13.75], "texture": "#layer0", "tintindex": 0},
				"south": {"uv": [14.25, 10.5, 16, 11.75], "texture": "#layer0", "tintindex": 0},
				"west": {"uv": [14.25, 12.5, 14.75, 13.75], "texture": "#layer0", "tintindex": 0},
				"up": {"uv": [15.25, 9, 13.5, 8.5], "texture": "#layer0", "tintindex": 0},
				"down": {"uv": [14.25, 8, 16, 8.5], "texture": "#layer0", "tintindex": 0}
			}
		}
	],
	"display": {
		"gui": {
			"rotation": [35, 225, 0],
			"scale": [0.625, 0.625, 0.625]
		},
		"head": {
			"translation": [0, -6.4, 0],
			"scale": [3.8095, 3.8095, 3.8095]
		}
	}
}