{
  "file_name": "frontleg_upper_left",
  "texture_size": [
    128,
    128
  ],
  "textures": {
    "layer0": "manamodels:entity/moose"
  },
  "elements": [
    {
      "name": "frontleg_upper_left_0",
      "from": [
        6.2,
        4.3999996,
        5.6
      ],
      "to": [
        9.8,
        11.6,
        10.4
      ],
      "rotation": {
        "angle": 0.0,
        "axis": "z",
        "origin": [
          8.0,
          8.0,
          8.0
        ]
      },
      "faces": {
        "down": {
          "uv": [
            1.5,
            9.5,
            2.25,
            10.5
          ],
          "texture": "#layer0",
          "tintindex": 0
        },
        "east": {
          "uv": [
            6.5,
            0.0,
            7.5,
            1.5
          ],
          "texture": "#layer0",
          "tintindex": 0
        },
        "north": {
          "uv": [
            8.25,
            3.0,
            9.0,
            4.5
          ],
          "texture": "#layer0",
          "tintindex": 0
        },
        "south": {
          "uv": [
            8.25,
            4.5,
            9.0,
            6.0
          ],
          "texture": "#layer0",
          "tintindex": 0
        },
        "up": {
          "uv": [
            1.5,
            10.5,
            0.75,
            9.5
          ],
          "texture": "#layer0",
          "tintindex": 0
        },
        "west": {
          "uv": [
            6.5,
            1.5,
            7.5,
            3.0
          ],
          "texture": "#layer0",
          "tintindex": 0
        }
      }
    }
  ],
  "display": {
    "head": {
      "translation": [
        0.0,
        -6.4,
        0.0
      ],
      "rotation": [
        0.0,
        0.0,
        0.0
      ],
      "scale": [
        3.8095,
        3.8095,
        3.8095
      ]
    },
    "gui": {
      "translation": [
        0.0,
        0.0,
        0.0
      ],
      "rotation": [
        35.0,
        225.0,
        0.0
      ],
      "scale": [
        0.625,
        0.625,
        0.625
      ]
    }
  }
}