{
	"credit": "Made with Blockbench",
	"texture_size": [64, 64],
	"textures": {
		"layer0": "manamodels:entity/cyan_georgenotfound"
	},
	"elements": [
		{
			"name": "back_0",
			"from": [5.3, 12.2, 10.4],
			"to": [11.9, 20.6, 14.6],
			"faces": {
				"north": {"uv": [14, 5.25, 16, 8], "texture": "#layer0", "tintindex": 0},
				"east": {"uv": [15, 9.5, 16, 12.25], "texture": "#layer0", "tintindex": 0},
				"south": {"uv": [14, 7.5, 16, 10.25], "texture": "#layer0", "tintindex": 0},
				"west": {"uv": [15, 9, 16, 11.75], "texture": "#layer0", "tintindex": 0},
				"up": {"uv": [16, 6, 14, 5], "texture": "#layer0", "tintindex": 0},
				"down": {"uv": [14, 1, 16, 2], "texture": "#layer0", "tintindex": 0}
			}
		}
	],
	"display": {
		"gui": {
			"rotation": [35, 225, 0],
			"scale": [0.625, 0.625, 0.625]
		},
		"head": {
			"translation": [0, -6.4, 0],
			"scale": [3.8095, 3.8095, 3.8095]
		}
	}
}