{
	"credit": "Made with Blockbench",
	"texture_size": [64, 64],
	"textures": {
		"layer0": "manamodels:entity/black_penguin"
	},
	"elements": [
		{
			"name": "back_0",
			"from": [5.3, 12.2, 16.4],
			"to": [11.9, 20.6, 20.6],
			"faces": {
				"north": {"uv": [14, 9.25, 16, 12], "texture": "#layer0", "tintindex": 0},
				"east": {"uv": [15, 13.25, 16, 16], "texture": "#layer0", "tintindex": 0},
				"south": {"uv": [10.25, 13.25, 12.25, 16], "texture": "#layer0", "tintindex": 0},
				"west": {"uv": [15, 13.25, 16, 16], "texture": "#layer0", "tintindex": 0},
				"up": {"uv": [8.5, 16, 6.5, 15], "texture": "#layer0", "tintindex": 0},
				"down": {"uv": [13.5, 15, 15.5, 16], "texture": "#layer0", "tintindex": 0}
			}
		}
	],
	"display": {
		"gui": {
			"rotation": [35, 225, 0],
			"scale": [0.625, 0.625, 0.625]
		},
		"head": {
			"translation": [0, -6.4, 0],
			"scale": [3.8095, 3.8095, 3.8095]
		}
	}
}