{
	"credit": "Made with Blockbench",
	"texture_size": [64, 64],
	"textures": {
		"layer0": "manamodels:entity/orange_antfrost"
	},
	"elements": [
		{
			"name": "body_0",
			"from": [4.1, 2.35, 4.4],
			"to": [11.9, 13.15, 11.6],
			"rotation": {"angle": 0, "axis": "y", "origin": [8, 7.75, 8]},
			"faces": {
				"north": {"uv": [2, 2, 4.25, 5.5], "texture": "#layer0", "tintindex": 0},
				"east": {"uv": [0, 2, 2, 5.5], "texture": "#layer0", "tintindex": 0},
				"south": {"uv": [6.25, 2, 8.5, 5.5], "texture": "#layer0", "tintindex": 0},
				"west": {"uv": [4.25, 2, 6.25, 5.5], "texture": "#layer0", "tintindex": 0},
				"up": {"uv": [4.25, 2, 2, 0], "texture": "#layer0", "tintindex": 0},
				"down": {"uv": [4.25, 0, 6.5, 2], "texture": "#layer0", "tintindex": 0}
			}
		},
		{
			"name": "back_0",
			"from": [4.7, 3.2, 10.4],
			"to": [11.3, 11.6, 14.6],
			"rotation": {"angle": 0, "axis": "y", "origin": [7.4, -1, 8]},
			"faces": {
				"north": {"uv": [1, 6.5, 3, 9.25], "texture": "#layer0", "tintindex": 0},
				"east": {"uv": [0, 6.5, 1, 9.25], "texture": "#layer0", "tintindex": 0},
				"south": {"uv": [4, 6.5, 6, 9.25], "texture": "#layer0", "tintindex": 0},
				"west": {"uv": [3, 6.5, 4, 9.25], "texture": "#layer0", "tintindex": 0},
				"up": {"uv": [3, 6.5, 1, 5.5], "texture": "#layer0", "tintindex": 0},
				"down": {"uv": [3, 5.5, 5, 6.5], "texture": "#layer0", "tintindex": 0}
			}
		},
		{
			"name": "ears_1",
			"from": [9.2, 13.15, 7.4],
			"to": [11.6, 14.95, 8.6],
			"rotation": {"angle": 0, "axis": "y", "origin": [8, 7.75, 8]},
			"faces": {
				"north": {"uv": [9, 2.25, 10, 3], "texture": "#layer0", "tintindex": 0},
				"east": {"uv": [8.5, 2.25, 9, 3], "texture": "#layer0", "tintindex": 0},
				"south": {"uv": [10.5, 2.25, 11.5, 3], "texture": "#layer0", "tintindex": 0},
				"west": {"uv": [10, 2.25, 10.5, 3], "texture": "#layer0", "tintindex": 0},
				"up": {"uv": [10, 2.25, 9, 1.75], "texture": "#layer0", "tintindex": 0},
				"down": {"uv": [10, 1.75, 11, 2.25], "texture": "#layer0", "tintindex": 0}
			}
		},
		{
			"name": "ears_0",
			"from": [4.4, 13.15, 7.4],
			"to": [6.8, 14.95, 8.6],
			"rotation": {"angle": 0, "axis": "y", "origin": [8, 7.75, 8]},
			"faces": {
				"north": {"uv": [9, 2.25, 10, 3], "texture": "#layer0", "tintindex": 0},
				"east": {"uv": [8.5, 2.25, 9, 3], "texture": "#layer0", "tintindex": 0},
				"south": {"uv": [10.5, 2.25, 11.5, 3], "texture": "#layer0", "tintindex": 0},
				"west": {"uv": [10, 2.25, 10.5, 3], "texture": "#layer0", "tintindex": 0},
				"up": {"uv": [10, 2.25, 9, 1.75], "texture": "#layer0", "tintindex": 0},
				"down": {"uv": [10, 1.75, 11, 2.25], "texture": "#layer0", "tintindex": 0}
			}
		},
		{
			"name": "nose_4",
			"from": [5.3, 5.55, 3.975],
			"to": [7.1, 6.15, 3.975],
			"rotation": {"angle": -22.5, "axis": "z", "origin": [8, 5.7, 3.975]},
			"faces": {
				"north": {"uv": [0.75, 0, 0, 0.25], "texture": "#layer0", "tintindex": 0},
				"east": {"uv": [0.75, 0, 0.75, 0.25], "texture": "#layer0", "tintindex": 0},
				"south": {"uv": [1.5, 0, 0.75, 0.25], "texture": "#layer0", "tintindex": 0},
				"west": {"uv": [0, 0, 0, 0.25], "texture": "#layer0", "tintindex": 0},
				"up": {"uv": [0, 0, 0.75, 0], "texture": "#layer0", "tintindex": 0},
				"down": {"uv": [1.5, 0, 0.75, 0], "texture": "#layer0", "tintindex": 0}
			}
		},
		{
			"name": "nose_0",
			"from": [7.1, 5.6, 3.8],
			"to": [8.9, 6.8, 4.4],
			"faces": {
				"north": {"uv": [0.25, 0.5, 1, 1], "texture": "#layer0", "tintindex": 0},
				"east": {"uv": [0, 0.5, 0.25, 1], "texture": "#layer0", "tintindex": 0},
				"south": {"uv": [1.25, 0.5, 2, 1], "texture": "#layer0", "tintindex": 0},
				"west": {"uv": [1, 0.5, 1.25, 1], "texture": "#layer0", "tintindex": 0},
				"up": {"uv": [1, 0.5, 0.25, 0.25], "texture": "#layer0", "tintindex": 0},
				"down": {"uv": [1, 0.25, 1.75, 0.5], "texture": "#layer0", "tintindex": 0}
			}
		},
		{
			"name": "nose_1",
			"from": [8.9, 6.1, 3.95],
			"to": [10.7, 6.7, 3.95],
			"rotation": {"angle": -22.5, "axis": "z", "origin": [8, 6.7, 3.95]},
			"faces": {
				"north": {"uv": [0, 0, 0.75, 0.25], "texture": "#layer0", "tintindex": 0},
				"east": {"uv": [0, 0, 0, 0.25], "texture": "#layer0", "tintindex": 0},
				"south": {"uv": [0.75, 0, 1.5, 0.25], "texture": "#layer0", "tintindex": 0},
				"west": {"uv": [0.75, 0, 0.75, 0.25], "texture": "#layer0", "tintindex": 0},
				"up": {"uv": [0.75, 0, 0, 0], "texture": "#layer0", "tintindex": 0},
				"down": {"uv": [0.75, 0, 1.5, 0], "texture": "#layer0", "tintindex": 0}
			}
		},
		{
			"name": "nose_2",
			"from": [5.3, 6.1, 3.95],
			"to": [7.1, 6.7, 3.95],
			"rotation": {"angle": 22.5, "axis": "z", "origin": [8, 6.7, 3.95]},
			"faces": {
				"north": {"uv": [0.75, 0, 0, 0.25], "texture": "#layer0", "tintindex": 0},
				"east": {"uv": [0.75, 0, 0.75, 0.25], "texture": "#layer0", "tintindex": 0},
				"south": {"uv": [1.5, 0, 0.75, 0.25], "texture": "#layer0", "tintindex": 0},
				"west": {"uv": [0, 0, 0, 0.25], "texture": "#layer0", "tintindex": 0},
				"up": {"uv": [0, 0, 0.75, 0], "texture": "#layer0", "tintindex": 0},
				"down": {"uv": [1.5, 0, 0.75, 0], "texture": "#layer0", "tintindex": 0}
			}
		},
		{
			"name": "nose_3",
			"from": [8.9, 5.55, 3.975],
			"to": [10.7, 6.15, 3.975],
			"rotation": {"angle": 22.5, "axis": "z", "origin": [8, 5.7, 3.975]},
			"faces": {
				"north": {"uv": [0, 0, 0.75, 0.25], "texture": "#layer0", "tintindex": 0},
				"east": {"uv": [0, 0, 0, 0.25], "texture": "#layer0", "tintindex": 0},
				"south": {"uv": [0.75, 0, 1.5, 0.25], "texture": "#layer0", "tintindex": 0},
				"west": {"uv": [0.75, 0, 0.75, 0.25], "texture": "#layer0", "tintindex": 0},
				"up": {"uv": [0.75, 0, 0, 0], "texture": "#layer0", "tintindex": 0},
				"down": {"uv": [0.75, 0, 1.5, 0], "texture": "#layer0", "tintindex": 0}
			}
		},
		{
			"name": "tail_0",
			"from": [7.4, 2.4, 10.8],
			"to": [8.6, 3.6, 17.4],
			"rotation": {"angle": 22.5, "axis": "x", "origin": [8, 3, 12]},
			"faces": {
				"north": {"uv": [10.75, 8.5, 11.25, 9], "texture": "#layer0", "tintindex": 0},
				"east": {"uv": [8, 8.5, 10.75, 9], "texture": "#layer0", "tintindex": 0},
				"south": {"uv": [14, 8.5, 14.5, 9], "texture": "#layer0", "tintindex": 0},
				"west": {"uv": [11.25, 8.5, 14, 9], "texture": "#layer0", "tintindex": 0},
				"up": {"uv": [11.25, 8.5, 10.75, 5.75], "texture": "#layer0", "tintindex": 0},
				"down": {"uv": [11.25, 5.75, 11.75, 8.5], "texture": "#layer0", "tintindex": 0}
			}
		},
		{
			"name": "visor_0",
			"from": [5, 7.3, 3.5],
			"to": [11, 12.1, 6.5],
			"rotation": {"angle": 0, "axis": "y", "origin": [8, 10, 5]},
			"faces": {
				"north": {"uv": [7, 0.5, 8.75, 1.75], "texture": "#layer0", "tintindex": 0},
				"east": {"uv": [6.5, 0.5, 7, 1.75], "texture": "#layer0", "tintindex": 0},
				"south": {"uv": [9.25, 0.5, 11, 1.75], "texture": "#layer0", "tintindex": 0},
				"west": {"uv": [8.75, 0.5, 9.25, 1.75], "texture": "#layer0", "tintindex": 0},
				"up": {"uv": [8.75, 0.5, 7, 0], "texture": "#layer0", "tintindex": 0},
				"down": {"uv": [8.75, 0, 10.5, 0.5], "texture": "#layer0", "tintindex": 0}
			}
		}
	],
	"display": {
		"gui": {
			"rotation": [35, 225, 0],
			"scale": [0.625, 0.625, 0.625]
		},
		"head": {
			"translation": [0, -6.4, 0],
			"scale": [3.8095, 3.8095, 3.8095]
		}
	}
}