{
	"credit": "Made with Blockbench",
	"texture_size": [64, 64],
	"textures": {
		"layer0": "manamodels:entity/orange_antfrost"
	},
	"elements": [
		{
			"name": "visor_0",
			"from": [5, 5.3, 6.5],
			"to": [11, 10.1, 9.5],
			"faces": {
				"north": {"uv": [7.75, 12.75, 9.5, 14], "texture": "#layer0", "tintindex": 0},
				"east": {"uv": [8.5, 14.75, 9, 16], "texture": "#layer0", "tintindex": 0},
				"south": {"uv": [10.25, 11.5, 12, 12.75], "texture": "#layer0", "tintindex": 0},
				"west": {"uv": [11, 13.25, 11.5, 14.5], "texture": "#layer0", "tintindex": 0},
				"up": {"uv": [8.75, 12.25, 7, 11.75], "texture": "#layer0", "tintindex": 0},
				"down": {"uv": [9.25, 12.5, 11, 13], "texture": "#layer0", "tintindex": 0}
			}
		}
	],
	"display": {
		"gui": {
			"rotation": [35, 225, 0],
			"scale": [0.625, 0.625, 0.625]
		},
		"head": {
			"translation": [0, -6.4, 0],
			"scale": [3.8095, 3.8095, 3.8095]
		}
	}
}