{
	"credit": "Made with Blockbench",
	"texture_size": [64, 64],
	"textures": {
		"layer0": "manamodels:entity/brown_scooby"
	},
	"elements": [
		{
			"name": "body_0",
			"from": [4.1, 2.6, 4.4],
			"to": [11.9, 13.4, 11.6],
			"faces": {
				"north": {"uv": [0, 0, 2.25, 3.5], "texture": "#layer0", "tintindex": 0},
				"east": {"uv": [0, 3.5, 2, 7], "texture": "#layer0", "tintindex": 0},
				"south": {"uv": [2.25, 2.25, 4.5, 5.75], "texture": "#layer0", "tintindex": 0},
				"west": {"uv": [4.5, 4.5, 6.5, 8], "texture": "#layer0", "tintindex": 0},
				"up": {"uv": [4.5, 2, 2.25, 0], "texture": "#layer0", "tintindex": 0},
				"down": {"uv": [6.5, 6.5, 8.75, 8.5], "texture": "#layer0", "tintindex": 0}
			}
		},
		{
			"name": "body_1",
			"from": [2, 12.2, 6.8],
			"to": [5, 12.8, 9.8],
			"rotation": {"angle": 45, "axis": "z", "origin": [3.5, 12.5, 8]},
			"faces": {
				"north": {"uv": [2.25, 2, 3.5, 2.25], "texture": "#layer0", "tintindex": 0},
				"east": {"uv": [8.75, 7.75, 10, 8], "texture": "#layer0", "tintindex": 0},
				"south": {"uv": [8.75, 8, 10, 8.25], "texture": "#layer0", "tintindex": 0},
				"west": {"uv": [8.75, 8.25, 10, 8.5], "texture": "#layer0", "tintindex": 0},
				"up": {"uv": [6.5, 9.25, 5.25, 8], "texture": "#layer0", "tintindex": 0},
				"down": {"uv": [0, 8.25, 1.25, 9.5], "texture": "#layer0", "tintindex": 0}
			}
		},
		{
			"name": "body_2",
			"from": [11, 12.2, 6.8],
			"to": [14, 12.8, 9.8],
			"rotation": {"angle": -45, "axis": "z", "origin": [12.5, 12.5, 8]},
			"faces": {
				"north": {"uv": [4.25, 9.25, 5.5, 9.5], "texture": "#layer0", "tintindex": 0},
				"east": {"uv": [0, 9.5, 1.25, 9.75], "texture": "#layer0", "tintindex": 0},
				"south": {"uv": [4.25, 9.5, 5.5, 9.75], "texture": "#layer0", "tintindex": 0},
				"west": {"uv": [9.5, 9.5, 10.75, 9.75], "texture": "#layer0", "tintindex": 0},
				"up": {"uv": [2.5, 9.75, 1.25, 8.5], "texture": "#layer0", "tintindex": 0},
				"down": {"uv": [2.5, 8.5, 3.75, 9.75], "texture": "#layer0", "tintindex": 0}
			}
		},
		{
			"name": "body_3",
			"from": [7.1, 6.2, 2.9],
			"to": [8.9, 8, 4.7],
			"faces": {
				"north": {"uv": [2, 3.5, 2.25, 3.75], "texture": "#layer0", "tintindex": 0},
				"east": {"uv": [3.5, 2, 3.75, 2.25], "texture": "#layer0", "tintindex": 0},
				"south": {"uv": [2, 3.75, 2.25, 4], "texture": "#layer0", "tintindex": 0},
				"west": {"uv": [3.75, 2, 4, 2.25], "texture": "#layer0", "tintindex": 0},
				"up": {"uv": [2.25, 4.25, 2.5, 4.5], "texture": "#layer0", "tintindex": 0},
				"down": {"uv": [4.5, 2, 4.25, 2.25], "texture": "#layer0", "tintindex": 0}
			}
		},
		{
			"name": "visor_0",
			"from": [5, 7.3, 3.5],
			"to": [11, 12.1, 6.5],
			"rotation": {"angle": 0, "axis": "y", "origin": [8, 10, 5]},
			"faces": {
				"north": {"uv": [4.5, 2.75, 6.25, 4], "texture": "#layer0", "tintindex": 0},
				"east": {"uv": [4, 5.75, 4.5, 7], "texture": "#layer0", "tintindex": 0},
				"south": {"uv": [0, 7, 1.75, 8.25], "texture": "#layer0", "tintindex": 0},
				"west": {"uv": [3.75, 9.25, 4.25, 10.5], "texture": "#layer0", "tintindex": 0},
				"up": {"uv": [6.25, 4.5, 4.5, 4], "texture": "#layer0", "tintindex": 0},
				"down": {"uv": [8.75, 7.25, 10.5, 7.75], "texture": "#layer0", "tintindex": 0}
			}
		},
		{
			"name": "back_0",
			"from": [4.7, 3.2, 10.4],
			"to": [11.3, 11.6, 14.6],
			"rotation": {"angle": 0, "axis": "y", "origin": [7.4, -1, 8]},
			"faces": {
				"north": {"uv": [4.5, 0, 6.5, 2.75], "texture": "#layer0", "tintindex": 0},
				"east": {"uv": [6.5, 0, 7.5, 2.75], "texture": "#layer0", "tintindex": 0},
				"south": {"uv": [2, 5.75, 4, 8.5], "texture": "#layer0", "tintindex": 0},
				"west": {"uv": [6.5, 2.75, 7.5, 5.5], "texture": "#layer0", "tintindex": 0},
				"up": {"uv": [8.5, 6.5, 6.5, 5.5], "texture": "#layer0", "tintindex": 0},
				"down": {"uv": [7.5, 0, 9.5, 1], "texture": "#layer0", "tintindex": 0}
			}
		}
	],
	"display": {
		"gui": {
			"rotation": [35, 225, 0],
			"scale": [0.625, 0.625, 0.625]
		},
		"head": {
			"translation": [0, -6.4, 0],
			"scale": [3.8095, 3.8095, 3.8095]
		}
	}
}