{
	"credit": "Made with Blockbench",
	"texture_size": [64, 64],
	"textures": {
		"layer0": "manamodels:entity/brown_scooby_ghost"
	},
	"elements": [
		{
			"name": "back_0",
			"from": [5.3, 12.2, 10.4],
			"to": [11.9, 20.6, 14.6],
			"faces": {
				"north": {"uv": [4.75, 13.25, 6.75, 16], "texture": "#layer0", "tintindex": 0},
				"east": {"uv": [3.25, 13.25, 4.25, 16], "texture": "#layer0", "tintindex": 0},
				"south": {"uv": [5.5, 13.25, 7.5, 16], "texture": "#layer0", "tintindex": 0},
				"west": {"uv": [6.75, 13.25, 7.75, 16], "texture": "#layer0", "tintindex": 0},
				"up": {"uv": [4.5, 16, 2.5, 15], "texture": "#layer0", "tintindex": 0},
				"down": {"uv": [7, 15, 9, 16], "texture": "#layer0", "tintindex": 0}
			}
		}
	],
	"display": {
		"gui": {
			"rotation": [35, 225, 0],
			"scale": [0.625, 0.625, 0.625]
		},
		"head": {
			"translation": [0, -6.4, 0],
			"scale": [3.8095, 3.8095, 3.8095]
		}
	}
}