{
	"credit": "Made with Blockbench",
	"texture_size": [64, 64],
	"textures": {
		"layer0": "manamodels:entity/brown_scooby_ghost"
	},
	"elements": [
		{
			"name": "body_0",
			"from": [4.1, 2.6, 4.4],
			"to": [11.9, 13.4, 11.6],
			"faces": {
				"north": {"uv": [2, 2, 4.25, 5.5], "texture": "#layer0", "tintindex": 0},
				"east": {"uv": [0, 2, 2, 5.5], "texture": "#layer0", "tintindex": 0},
				"south": {"uv": [6.25, 2, 8.5, 5.5], "texture": "#layer0", "tintindex": 0},
				"west": {"uv": [4.25, 2, 6.25, 5.5], "texture": "#layer0", "tintindex": 0},
				"up": {"uv": [4.25, 2, 2, 0], "texture": "#layer0", "tintindex": 0},
				"down": {"uv": [4.25, 0, 6.5, 2], "texture": "#layer0", "tintindex": 0}
			}
		},
		{
			"name": "body_1",
			"from": [2, 12.2, 6.8],
			"to": [5, 12.8, 9.8],
			"rotation": {"angle": 45, "axis": "z", "origin": [3.5, 12.5, 8]},
			"faces": {
				"north": {"uv": [9.75, 3, 11, 3.25], "texture": "#layer0", "tintindex": 0},
				"east": {"uv": [8.5, 3, 9.75, 3.25], "texture": "#layer0", "tintindex": 0},
				"south": {"uv": [12.25, 3, 13.5, 3.25], "texture": "#layer0", "tintindex": 0},
				"west": {"uv": [11, 3, 12.25, 3.25], "texture": "#layer0", "tintindex": 0},
				"up": {"uv": [11, 3, 9.75, 1.75], "texture": "#layer0", "tintindex": 0},
				"down": {"uv": [11, 1.75, 12.25, 3], "texture": "#layer0", "tintindex": 0}
			}
		},
		{
			"name": "body_2",
			"from": [11, 12.2, 6.8],
			"to": [14, 12.8, 9.8],
			"rotation": {"angle": -45, "axis": "z", "origin": [12.5, 12.5, 8]},
			"faces": {
				"north": {"uv": [11, 3, 9.75, 3.25], "texture": "#layer0", "tintindex": 0},
				"east": {"uv": [12.25, 3, 11, 3.25], "texture": "#layer0", "tintindex": 0},
				"south": {"uv": [13.5, 3, 12.25, 3.25], "texture": "#layer0", "tintindex": 0},
				"west": {"uv": [9.75, 3, 8.5, 3.25], "texture": "#layer0", "tintindex": 0},
				"up": {"uv": [9.75, 3, 11, 1.75], "texture": "#layer0", "tintindex": 0},
				"down": {"uv": [12.25, 1.75, 11, 3], "texture": "#layer0", "tintindex": 0}
			}
		},
		{
			"name": "body_3",
			"from": [7.1, 6.2, 2.9],
			"to": [8.9, 8, 4.7],
			"faces": {
				"north": {"uv": [0.25, 0.25, 0.5, 0.5], "texture": "#layer0", "tintindex": 0},
				"east": {"uv": [0, 0.25, 0.25, 0.5], "texture": "#layer0", "tintindex": 0},
				"south": {"uv": [0.75, 0.25, 1, 0.5], "texture": "#layer0", "tintindex": 0},
				"west": {"uv": [0.5, 0.25, 0.75, 0.5], "texture": "#layer0", "tintindex": 0},
				"up": {"uv": [0.5, 0.25, 0.25, 0], "texture": "#layer0", "tintindex": 0},
				"down": {"uv": [0.5, 0, 0.75, 0.25], "texture": "#layer0", "tintindex": 0}
			}
		},
		{
			"name": "body_4",
			"from": [4.4, -0.4, 5],
			"to": [11.6, 3.8, 11.6],
			"rotation": {"angle": 0, "axis": "x", "origin": [8, 1.7, 8.3]},
			"faces": {
				"north": {"uv": [10.25, 5, 12.25, 5.75], "texture": "#layer0", "tintindex": 0},
				"east": {"uv": [8.5, 5, 10.25, 5.75], "texture": "#layer0", "tintindex": 0},
				"south": {"uv": [14, 5, 16, 5.75], "texture": "#layer0", "tintindex": 0},
				"west": {"uv": [12.25, 5, 14, 5.75], "texture": "#layer0", "tintindex": 0},
				"up": {"uv": [12.25, 5, 10.25, 3.25], "texture": "#layer0", "tintindex": 0},
				"down": {"uv": [12.25, 3.25, 14.25, 5], "texture": "#layer0", "tintindex": 0}
			}
		},
		{
			"name": "back_0",
			"from": [4.7, 3.2, 10.4],
			"to": [11.3, 11.6, 14.6],
			"rotation": {"angle": 0, "axis": "y", "origin": [7.4, -1, 8]},
			"faces": {
				"north": {"uv": [1, 6.5, 3, 9.25], "texture": "#layer0", "tintindex": 0},
				"east": {"uv": [0, 6.5, 1, 9.25], "texture": "#layer0", "tintindex": 0},
				"south": {"uv": [4, 6.5, 6, 9.25], "texture": "#layer0", "tintindex": 0},
				"west": {"uv": [3, 6.5, 4, 9.25], "texture": "#layer0", "tintindex": 0},
				"up": {"uv": [3, 6.5, 1, 5.5], "texture": "#layer0", "tintindex": 0},
				"down": {"uv": [3, 5.5, 5, 6.5], "texture": "#layer0", "tintindex": 0}
			}
		},
		{
			"name": "visor_0",
			"from": [5, 7.3, 3.5],
			"to": [11, 12.1, 6.5],
			"rotation": {"angle": 0, "axis": "y", "origin": [8, 10, 5]},
			"faces": {
				"north": {"uv": [7, 0.5, 8.75, 1.75], "texture": "#layer0", "tintindex": 0},
				"east": {"uv": [6.5, 0.5, 7, 1.75], "texture": "#layer0", "tintindex": 0},
				"south": {"uv": [9.25, 0.5, 11, 1.75], "texture": "#layer0", "tintindex": 0},
				"west": {"uv": [8.75, 0.5, 9.25, 1.75], "texture": "#layer0", "tintindex": 0},
				"up": {"uv": [8.75, 0.5, 7, 0], "texture": "#layer0", "tintindex": 0},
				"down": {"uv": [8.75, 0, 10.5, 0.5], "texture": "#layer0", "tintindex": 0}
			}
		}
	],
	"display": {
		"gui": {
			"rotation": [35, 225, 0],
			"scale": [0.625, 0.625, 0.625]
		},
		"head": {
			"translation": [0, -6.4, 0],
			"scale": [3.8095, 3.8095, 3.8095]
		}
	}
}