{
  "file_name": "belt",
  "texture_size": [
    128,
    128
  ],
  "textures": {
    "layer0": "manamodels:entity/daza"
  },
  "elements": [
    {
      "name": "belt_0",
      "from": [
        3.4999998,
        6.5,
        7.7
      ],
      "to": [
        12.5,
        8.9,
        15.5
      ],
      "rotation": {
        "angle": 0.0,
        "axis": "z",
        "origin": [
          8.0,
          8.0,
          8.0
        ]
      },
      "faces": {
        "east": {
          "uv": [
            0.0,
            1.625,
            1.625,
            2.125
          ],
          "texture": "#layer0",
          "tintindex": 0
        },
        "south": {
          "uv": [
            5.125,
            1.625,
            7.0,
            2.125
          ],
          "texture": "#layer0",
          "tintindex": 0
        },
        "north": {
          "uv": [
            1.625,
            1.625,
            3.5,
            2.125
          ],
          "texture": "#layer0",
          "tintindex": 0
        },
        "west": {
          "uv": [
            3.5,
            1.625,
            5.125,
            2.125
          ],
          "texture": "#layer0",
          "tintindex": 0
        },
        "up": {
          "uv": [
            3.5,
            1.625,
            1.625,
            0.0
          ],
          "texture": "#layer0",
          "tintindex": 0
        },
        "down": {
          "uv": [
            3.5,
            0.0,
            5.375,
            1.625
          ],
          "texture": "#layer0",
          "tintindex": 0
        }
      }
    },
    {
      "name": "belt_1",
      "from": [
        5.8999996,
        6.2,
        7.1
      ],
      "to": [
        10.1,
        9.2,
        8.9
      ],
      "rotation": {
        "angle": 0.0,
        "axis": "x",
        "origin": [
          8.0,
          8.0,
          8.0
        ]
      },
      "faces": {
        "east": {
          "uv": [
            8.75,
            8.875,
            9.125,
            9.5
          ],
          "texture": "#layer0",
          "tintindex": 0
        },
        "south": {
          "uv": [
            10.375,
            8.875,
            11.25,
            9.5
          ],
          "texture": "#layer0",
          "tintindex": 0
        },
        "north": {
          "uv": [
            9.125,
            8.875,
            10.0,
            9.5
          ],
          "texture": "#layer0",
          "tintindex": 0
        },
        "west": {
          "uv": [
            10.0,
            8.875,
            10.375,
            9.5
          ],
          "texture": "#layer0",
          "tintindex": 0
        },
        "up": {
          "uv": [
            10.0,
            8.875,
            9.125,
            8.5
          ],
          "texture": "#layer0",
          "tintindex": 0
        },
        "down": {
          "uv": [
            10.0,
            8.5,
            10.875,
            8.875
          ],
          "texture": "#layer0",
          "tintindex": 0
        }
      }
    }
  ],
  "display": {
    "head": {
      "translation": [
        0.0,
        -6.4,
        0.0
      ],
      "rotation": [
        0.0,
        0.0,
        0.0
      ],
      "scale": [
        3.8095,
        3.8095,
        3.8095
      ]
    },
    "gui": {
      "translation": [
        0.0,
        0.0,
        0.0
      ],
      "rotation": [
        35.0,
        225.0,
        0.0
      ],
      "scale": [
        0.625,
        0.625,
        0.625
      ]
    }
  }
}