{
  "file_name": "left_arm",
  "texture_size": [
    128,
    128
  ],
  "textures": {
    "layer0": "manamodels:entity/daza"
  },
  "elements": [
    {
      "name": "left_arm_0",
      "from": [
        4.3999996,
        3.9200003,
        5.6
      ],
      "to": [
        8.6,
        8.120001,
        10.4
      ],
      "rotation": {
        "angle": 0.0,
        "axis": "z",
        "origin": [
          8.0,
          8.0,
          8.0
        ]
      },
      "faces": {
        "east": {
          "uv": [
            2.875,
            11.25,
            1.875,
            12.125
          ],
          "texture": "#layer0",
          "tintindex": 0
        },
        "south": {
          "uv": [
            3.75,
            11.25,
            2.875,
            12.125
          ],
          "texture": "#layer0",
          "tintindex": 0
        },
        "north": {
          "uv": [
            1.875,
            11.25,
            1.0,
            12.125
          ],
          "texture": "#layer0",
          "tintindex": 0
        },
        "west": {
          "uv": [
            1.0,
            11.25,
            0.0,
            12.125
          ],
          "texture": "#layer0",
          "tintindex": 0
        },
        "up": {
          "uv": [
            1.0,
            11.25,
            1.875,
            10.25
          ],
          "texture": "#layer0",
          "tintindex": 0
        },
        "down": {
          "uv": [
            2.75,
            10.25,
            1.875,
            11.25
          ],
          "texture": "#layer0",
          "tintindex": 0
        }
      }
    },
    {
      "name": "left_arm_1",
      "from": [
        3.1999998,
        0.7999997,
        5.6
      ],
      "to": [
        6.8,
        6.2,
        10.4
      ],
      "rotation": {
        "angle": 0.0,
        "axis": "x",
        "origin": [
          7.4,
          3.7999997,
          6.2
        ]
      },
      "faces": {
        "east": {
          "uv": [
            12.125,
            10.75,
            11.125,
            11.875
          ],
          "texture": "#layer0",
          "tintindex": 0
        },
        "south": {
          "uv": [
            12.875,
            10.75,
            12.125,
            11.875
          ],
          "texture": "#layer0",
          "tintindex": 0
        },
        "north": {
          "uv": [
            11.125,
            10.75,
            10.375,
            11.875
          ],
          "texture": "#layer0",
          "tintindex": 0
        },
        "west": {
          "uv": [
            10.375,
            10.75,
            9.375,
            11.875
          ],
          "texture": "#layer0",
          "tintindex": 0
        },
        "up": {
          "uv": [
            10.375,
            10.75,
            11.125,
            9.75
          ],
          "texture": "#layer0",
          "tintindex": 0
        },
        "down": {
          "uv": [
            11.875,
            9.75,
            11.125,
            10.75
          ],
          "texture": "#layer0",
          "tintindex": 0
        }
      }
    },
    {
      "name": "left_arm_2",
      "from": [
        1.9999998,
        -2.8000002,
        2.6
      ],
      "to": [
        5.6,
        3.7999997,
        6.2
      ],
      "rotation": {
        "angle": 0.0,
        "axis": "x",
        "origin": [
          3.7999997,
          0.49999976,
          4.3999996
        ]
      },
      "faces": {
        "east": {
          "uv": [
            12.125,
            12.875,
            12.875,
            14.25
          ],
          "texture": "#layer0",
          "tintindex": 0
        },
        "south": {
          "uv": [
            14.375,
            12.875,
            15.125,
            14.25
          ],
          "texture": "#layer0",
          "tintindex": 0
        },
        "north": {
          "uv": [
            12.875,
            12.875,
            13.625,
            14.25
          ],
          "texture": "#layer0",
          "tintindex": 0
        },
        "west": {
          "uv": [
            13.625,
            12.875,
            14.375,
            14.25
          ],
          "texture": "#layer0",
          "tintindex": 0
        },
        "up": {
          "uv": [
            13.625,
            12.875,
            12.875,
            12.125
          ],
          "texture": "#layer0",
          "tintindex": 0
        },
        "down": {
          "uv": [
            13.625,
            12.125,
            14.375,
            12.875
          ],
          "texture": "#layer0",
          "tintindex": 0
        }
      }
    }
  ],
  "display": {
    "head": {
      "translation": [
        0.0,
        -6.4,
        0.0
      ],
      "rotation": [
        0.0,
        0.0,
        0.0
      ],
      "scale": [
        3.8095,
        3.8095,
        3.8095
      ]
    },
    "gui": {
      "translation": [
        0.0,
        0.0,
        0.0
      ],
      "rotation": [
        35.0,
        225.0,
        0.0
      ],
      "scale": [
        0.625,
        0.625,
        0.625
      ]
    }
  }
}