{
  "file_name": "left_leg",
  "texture_size": [
    128,
    128
  ],
  "textures": {
    "layer0": "manamodels:entity/daza"
  },
  "elements": [
    {
      "name": "left_leg_0",
      "from": [
        6.790886,
        4.2000017,
        5.504192
      ],
      "to": [
        10.390886,
        8.400002,
        9.704191
      ],
      "rotation": {
        "angle": 0.0,
        "axis": "y",
        "origin": [
          6.790886,
          5.4000015,
          7.3041916
        ]
      },
      "faces": {
        "east": {
          "uv": [
            8.875,
            12.75,
            9.75,
            13.625
          ],
          "texture": "#layer0",
          "tintindex": 0
        },
        "south": {
          "uv": [
            11.375,
            12.75,
            12.125,
            13.625
          ],
          "texture": "#layer0",
          "tintindex": 0
        },
        "north": {
          "uv": [
            9.75,
            12.75,
            10.5,
            13.625
          ],
          "texture": "#layer0",
          "tintindex": 0
        },
        "west": {
          "uv": [
            10.5,
            12.75,
            11.375,
            13.625
          ],
          "texture": "#layer0",
          "tintindex": 0
        },
        "up": {
          "uv": [
            10.5,
            12.75,
            9.75,
            11.875
          ],
          "texture": "#layer0",
          "tintindex": 0
        },
        "down": {
          "uv": [
            10.5,
            11.875,
            11.25,
            12.75
          ],
          "texture": "#layer0",
          "tintindex": 0
        }
      }
    },
    {
      "name": "left_leg_1",
      "from": [
        6.790886,
        -0.5999985,
        4.904192
      ],
      "to": [
        10.390886,
        1.8000016,
        10.304192
      ],
      "rotation": {
        "angle": 0.0,
        "axis": "z",
        "origin": [
          8.0,
          8.0,
          8.0
        ]
      },
      "faces": {
        "east": {
          "uv": [
            11.625,
            5.75,
            12.75,
            6.25
          ],
          "texture": "#layer0",
          "tintindex": 0
        },
        "south": {
          "uv": [
            14.625,
            5.75,
            15.375,
            6.25
          ],
          "texture": "#layer0",
          "tintindex": 0
        },
        "north": {
          "uv": [
            12.75,
            5.75,
            13.5,
            6.25
          ],
          "texture": "#layer0",
          "tintindex": 0
        },
        "west": {
          "uv": [
            13.5,
            5.75,
            14.625,
            6.25
          ],
          "texture": "#layer0",
          "tintindex": 0
        },
        "up": {
          "uv": [
            13.5,
            5.75,
            12.75,
            4.625
          ],
          "texture": "#layer0",
          "tintindex": 0
        },
        "down": {
          "uv": [
            13.5,
            4.625,
            14.25,
            5.75
          ],
          "texture": "#layer0",
          "tintindex": 0
        }
      }
    },
    {
      "name": "left_leg_2",
      "from": [
        7.390886,
        1.66893E-6,
        7.3041916
      ],
      "to": [
        9.790886,
        4.2000017,
        10.904192
      ],
      "rotation": {
        "angle": 0.0,
        "axis": "x",
        "origin": [
          6.790886,
          0.6000016,
          7.3041916
        ]
      },
      "faces": {
        "east": {
          "uv": [
            12.875,
            3.25,
            13.625,
            4.125
          ],
          "texture": "#layer0",
          "tintindex": 0
        },
        "south": {
          "uv": [
            14.875,
            3.25,
            15.375,
            4.125
          ],
          "texture": "#layer0",
          "tintindex": 0
        },
        "north": {
          "uv": [
            13.625,
            3.25,
            14.125,
            4.125
          ],
          "texture": "#layer0",
          "tintindex": 0
        },
        "west": {
          "uv": [
            14.125,
            3.25,
            14.875,
            4.125
          ],
          "texture": "#layer0",
          "tintindex": 0
        },
        "up": {
          "uv": [
            14.125,
            3.25,
            13.625,
            2.5
          ],
          "texture": "#layer0",
          "tintindex": 0
        },
        "down": {
          "uv": [
            14.125,
            2.5,
            14.625,
            3.25
          ],
          "texture": "#layer0",
          "tintindex": 0
        }
      }
    }
  ],
  "display": {
    "head": {
      "translation": [
        0.0,
        -6.4,
        0.0
      ],
      "rotation": [
        0.0,
        0.0,
        0.0
      ],
      "scale": [
        3.8095,
        3.8095,
        3.8095
      ]
    },
    "gui": {
      "translation": [
        0.0,
        0.0,
        0.0
      ],
      "rotation": [
        35.0,
        225.0,
        0.0
      ],
      "scale": [
        0.625,
        0.625,
        0.625
      ]
    }
  }
}