{
  "file_name": "stomach",
  "texture_size": [
    128,
    128
  ],
  "textures": {
    "layer0": "manamodels:entity/daza"
  },
  "elements": [
    {
      "name": "stomach_0",
      "from": [
        3.7999997,
        5.0,
        4.7
      ],
      "to": [
        12.2,
        11.0,
        11.3
      ],
      "rotation": {
        "angle": 0.0,
        "axis": "x",
        "origin": [
          8.0,
          8.0,
          8.0
        ]
      },
      "faces": {
        "east": {
          "uv": [
            0.0,
            3.5,
            1.375,
            4.75
          ],
          "texture": "#layer0",
          "tintindex": 0
        },
        "south": {
          "uv": [
            4.5,
            3.5,
            6.25,
            4.75
          ],
          "texture": "#layer0",
          "tintindex": 0
        },
        "north": {
          "uv": [
            1.375,
            3.5,
            3.125,
            4.75
          ],
          "texture": "#layer0",
          "tintindex": 0
        },
        "west": {
          "uv": [
            3.125,
            3.5,
            4.5,
            4.75
          ],
          "texture": "#layer0",
          "tintindex": 0
        },
        "up": {
          "uv": [
            3.125,
            3.5,
            1.375,
            2.125
          ],
          "texture": "#layer0",
          "tintindex": 0
        },
        "down": {
          "uv": [
            3.125,
            2.125,
            4.875,
            3.5
          ],
          "texture": "#layer0",
          "tintindex": 0
        }
      }
    }
  ],
  "display": {
    "head": {
      "translation": [
        0.0,
        -6.4,
        0.0
      ],
      "rotation": [
        0.0,
        0.0,
        0.0
      ],
      "scale": [
        3.8095,
        3.8095,
        3.8095
      ]
    },
    "gui": {
      "translation": [
        0.0,
        0.0,
        0.0
      ],
      "rotation": [
        35.0,
        225.0,
        0.0
      ],
      "scale": [
        0.625,
        0.625,
        0.625
      ]
    }
  }
}