{
	"credit": "Made with Blockbench",
	"texture_size": [64, 64],
	"textures": {
		"0": "manamodels:entity/red_ghost",
		"particle": "manamodels:entity/red_ghost"
	},
	"elements": [
		{
			"name": "back_0",
			"from": [5.3, 12.2, 10.4],
			"to": [11.9, 20.6, 14.6],
			"faces": {
				"north": {"uv": [14, 13.25, 16, 16], "texture": "#0", "tintindex": 0},
				"east": {"uv": [15, 13.25, 16, 16], "texture": "#0", "tintindex": 0},
				"south": {"uv": [14, 13.25, 16, 16], "texture": "#0", "tintindex": 0},
				"west": {"uv": [15, 13.25, 16, 16], "texture": "#0", "tintindex": 0},
				"up": {"uv": [16, 16, 14, 15], "texture": "#0", "tintindex": 0},
				"down": {"uv": [14, 15, 16, 16], "texture": "#0", "tintindex": 0}
			}
		}
	],
	"display": {
		"gui": {
			"rotation": [35, 225, 0],
			"scale": [0.625, 0.625, 0.625]
		},
		"head": {
			"translation": [0, -6.4, 0],
			"scale": [3.8095, 3.8095, 3.8095]
		}
	}
}