{
	"credit": "Made with Blockbench",
	"texture_size": [64, 64],
	"textures": {
		"layer0": "manamodels:entity/pink_kirby_ghost"
	},
	"elements": [
		{
			"name": "back_0",
			"from": [5.3, 12.2, 10.4],
			"to": [11.9, 20.6, 14.6],
			"faces": {
				"north": {"uv": [14, 13.25, 16, 16], "texture": "#layer0", "tintindex": 0},
				"east": {"uv": [7.25, 11.5, 8.25, 14.25], "texture": "#layer0", "tintindex": 0},
				"south": {"uv": [7.5, 13.25, 9.5, 16], "texture": "#layer0", "tintindex": 0},
				"west": {"uv": [5.25, 13.25, 6.25, 16], "texture": "#layer0", "tintindex": 0},
				"up": {"uv": [11.25, 12.75, 9.25, 11.75], "texture": "#layer0", "tintindex": 0},
				"down": {"uv": [13.75, 15, 15.75, 16], "texture": "#layer0", "tintindex": 0}
			}
		}
	],
	"display": {
		"gui": {
			"rotation": [35, 225, 0],
			"scale": [0.625, 0.625, 0.625]
		},
		"head": {
			"translation": [0, -6.4, 0],
			"scale": [3.8095, 3.8095, 3.8095]
		}
	}
}