{
	"credit": "Made with Blockbench",
	"texture_size": [64, 64],
	"textures": {
		"layer0": "manamodels:entity/blue_stitch"
	},
	"elements": [
		{
			"name": "back_0",
			"from": [5.3, 12.2, 16.4],
			"to": [11.9, 20.6, 20.6],
			"faces": {
				"north": {"uv": [12.5, 13, 14.5, 15.75], "texture": "#layer0", "tintindex": 0},
				"east": {"uv": [8, 13.25, 9, 16], "texture": "#layer0", "tintindex": 0},
				"south": {"uv": [9, 13.25, 11, 16], "texture": "#layer0", "tintindex": 0},
				"west": {"uv": [9.25, 13.25, 10.25, 16], "texture": "#layer0", "tintindex": 0},
				"up": {"uv": [16, 16, 14, 15], "texture": "#layer0", "tintindex": 0},
				"down": {"uv": [14, 15, 16, 16], "texture": "#layer0", "tintindex": 0}
			}
		}
	],
	"display": {
		"gui": {
			"rotation": [35, 225, 0],
			"scale": [0.625, 0.625, 0.625]
		},
		"head": {
			"translation": [0, -6.4, 0],
			"scale": [3.8095, 3.8095, 3.8095]
		}
	}
}