{
	"credit": "Made with Blockbench",
	"texture_size": [128, 128],
	"textures": {
		"layer0": "manamodels:entity/mage"
	},
	"elements": [
		{
			"name": "head_0",
			"from": [5.6, 8, 5.6],
			"to": [10.4, 12.8, 10.4],
			"faces": {
				"north": {"uv": [7, 5.75, 8, 6.75], "texture": "#layer0", "tintindex": 0},
				"east": {"uv": [5.75, 7.125, 6.75, 8.125], "texture": "#layer0", "tintindex": 0},
				"south": {"uv": [4.5, 7.25, 5.5, 8.25], "texture": "#layer0", "tintindex": 0},
				"west": {"uv": [7.25, 0, 8.25, 1], "texture": "#layer0", "tintindex": 0},
				"up": {"uv": [8.25, 2, 7.25, 1], "texture": "#layer0", "tintindex": 0},
				"down": {"uv": [7.25, 2, 8.25, 3], "texture": "#layer0", "tintindex": 0}
			}
		}
	],
	"display": {
		"gui": {
			"rotation": [35, 225, 0],
			"scale": [0.625, 0.625, 0.625]
		},
		"head": {
			"translation": [0, -6.4, 0],
			"scale": [3.8095, 3.8095, 3.8095]
		}
	}
}