{
	"credit": "Made with Blockbench",
	"texture_size": [64, 64],
	"textures": {
		"layer0": "manamodels:entity/green_yoshi_ghost"
	},
	"elements": [
		{
			"name": "back_0",
			"from": [5.3, 12.2, 10.4],
			"to": [11.9, 20.6, 14.6],
			"faces": {
				"north": {"uv": [6.75, 12.75, 8.75, 15.5], "texture": "#layer0", "tintindex": 0},
				"east": {"uv": [6.75, 13.25, 7.75, 16], "texture": "#layer0", "tintindex": 0},
				"south": {"uv": [1.5, 13.25, 3.5, 16], "texture": "#layer0", "tintindex": 0},
				"west": {"uv": [4, 13.25, 5, 16], "texture": "#layer0", "tintindex": 0},
				"up": {"uv": [13.25, 14, 11.25, 13], "texture": "#layer0", "tintindex": 0},
				"down": {"uv": [9.5, 15, 11.5, 16], "texture": "#layer0", "tintindex": 0}
			}
		}
	],
	"display": {
		"gui": {
			"rotation": [35, 225, 0],
			"scale": [0.625, 0.625, 0.625]
		},
		"head": {
			"translation": [0, -6.4, 0],
			"scale": [3.8095, 3.8095, 3.8095]
		}
	}
}