{
  "file_name": "beard",
  "texture_size": [
    128,
    128
  ],
  "textures": {
    "layer0": "manamodels:entity/dwarf"
  },
  "elements": [
    {
      "name": "beard_0",
      "from": [
        9.41372,
        11.7782,
        6.25364
      ],
      "to": [
        11.0769205,
        13.441401,
        7.87526
      ],
      "rotation": {
        "angle": 0.0,
        "axis": "z",
        "origin": [
          8.0,
          8.0,
          8.0
        ]
      },
      "faces": {
        "east": {
          "uv": [
            6.875,
            5.125,
            7.0,
            5.375
          ],
          "texture": "#layer0",
          "tintindex": 0
        },
        "south": {
          "uv": [
            7.375,
            5.125,
            7.625,
            5.375
          ],
          "texture": "#layer0",
          "tintindex": 0
        },
        "north": {
          "uv": [
            7.0,
            5.125,
            7.25,
            5.375
          ],
          "texture": "#layer0",
          "tintindex": 0
        },
        "west": {
          "uv": [
            7.25,
            5.125,
            7.375,
            5.375
          ],
          "texture": "#layer0",
          "tintindex": 0
        },
        "up": {
          "uv": [
            7.25,
            5.125,
            7.0,
            5.0
          ],
          "texture": "#layer0",
          "tintindex": 0
        },
        "down": {
          "uv": [
            7.25,
            5.0,
            7.5,
            5.125
          ],
          "texture": "#layer0",
          "tintindex": 0
        }
      }
    },
    {
      "name": "beard_1",
      "from": [
        11.0769205,
        10.9466,
        6.25364
      ],
      "to": [
        11.0769205,
        11.7782,
        7.87526
      ],
      "rotation": {
        "angle": 0.0,
        "axis": "z",
        "origin": [
          8.0,
          8.0,
          8.0
        ]
      },
      "faces": {
        "east": {
          "uv": [
            0.75,
            0.125,
            0.875,
            0.25
          ],
          "texture": "#layer0",
          "tintindex": 0
        },
        "south": {
          "uv": [
            1.0,
            0.125,
            1.0,
            0.25
          ],
          "texture": "#layer0",
          "tintindex": 0
        },
        "north": {
          "uv": [
            0.875,
            0.125,
            0.875,
            0.25
          ],
          "texture": "#layer0",
          "tintindex": 0
        },
        "west": {
          "uv": [
            0.875,
            0.125,
            1.0,
            0.25
          ],
          "texture": "#layer0",
          "tintindex": 0
        },
        "up": {
          "uv": [
            0.875,
            0.125,
            0.875,
            0.0
          ],
          "texture": "#layer0",
          "tintindex": 0
        },
        "down": {
          "uv": [
            0.875,
            0.0,
            0.875,
            0.125
          ],
          "texture": "#layer0",
          "tintindex": 0
        }
      }
    },
    {
      "name": "beard_2",
      "from": [
        9.41372,
        10.9466,
        6.25364
      ],
      "to": [
        11.0769205,
        11.7782,
        6.25364
      ],
      "rotation": {
        "angle": 0.0,
        "axis": "z",
        "origin": [
          8.0,
          8.0,
          8.0
        ]
      },
      "faces": {
        "east": {
          "uv": [
            3.875,
            2.375,
            3.875,
            2.5
          ],
          "texture": "#layer0",
          "tintindex": 0
        },
        "south": {
          "uv": [
            4.125,
            2.375,
            4.375,
            2.5
          ],
          "texture": "#layer0",
          "tintindex": 0
        },
        "north": {
          "uv": [
            3.875,
            2.375,
            4.125,
            2.5
          ],
          "texture": "#layer0",
          "tintindex": 0
        },
        "west": {
          "uv": [
            4.125,
            2.375,
            4.125,
            2.5
          ],
          "texture": "#layer0",
          "tintindex": 0
        },
        "up": {
          "uv": [
            4.125,
            2.375,
            3.875,
            2.375
          ],
          "texture": "#layer0",
          "tintindex": 0
        },
        "down": {
          "uv": [
            4.125,
            2.375,
            4.375,
            2.375
          ],
          "texture": "#layer0",
          "tintindex": 0
        }
      }
    },
    {
      "name": "beard_3",
      "from": [
        6.7526,
        10.9466,
        5.9209995
      ],
      "to": [
        9.2474,
        12.6098,
        7.7921
      ],
      "rotation": {
        "angle": 0.0,
        "axis": "z",
        "origin": [
          8.0,
          8.0,
          8.0
        ]
      },
      "faces": {
        "east": {
          "uv": [
            1.5,
            7.75,
            1.75,
            8.0
          ],
          "texture": "#layer0",
          "tintindex": 0
        },
        "south": {
          "uv": [
            2.375,
            7.75,
            2.75,
            8.0
          ],
          "texture": "#layer0",
          "tintindex": 0
        },
        "north": {
          "uv": [
            1.75,
            7.75,
            2.125,
            8.0
          ],
          "texture": "#layer0",
          "tintindex": 0
        },
        "west": {
          "uv": [
            2.125,
            7.75,
            2.375,
            8.0
          ],
          "texture": "#layer0",
          "tintindex": 0
        },
        "up": {
          "uv": [
            2.125,
            7.75,
            1.75,
            7.5
          ],
          "texture": "#layer0",
          "tintindex": 0
        },
        "down": {
          "uv": [
            2.125,
            7.5,
            2.5,
            7.75
          ],
          "texture": "#layer0",
          "tintindex": 0
        }
      }
    },
    {
      "name": "beard_4",
      "from": [
        6.7526,
        10.115,
        5.9209995
      ],
      "to": [
        9.2474,
        10.9466,
        5.9209995
      ],
      "rotation": {
        "angle": 0.0,
        "axis": "z",
        "origin": [
          8.0,
          8.0,
          8.0
        ]
      },
      "faces": {
        "east": {
          "uv": [
            3.0,
            0.875,
            3.0,
            1.0
          ],
          "texture": "#layer0",
          "tintindex": 0
        },
        "south": {
          "uv": [
            3.375,
            0.875,
            3.75,
            1.0
          ],
          "texture": "#layer0",
          "tintindex": 0
        },
        "north": {
          "uv": [
            3.0,
            0.875,
            3.375,
            1.0
          ],
          "texture": "#layer0",
          "tintindex": 0
        },
        "west": {
          "uv": [
            3.375,
            0.875,
            3.375,
            1.0
          ],
          "texture": "#layer0",
          "tintindex": 0
        },
        "up": {
          "uv": [
            3.375,
            0.875,
            3.0,
            0.875
          ],
          "texture": "#layer0",
          "tintindex": 0
        },
        "down": {
          "uv": [
            3.375,
            0.875,
            3.75,
            0.875
          ],
          "texture": "#layer0",
          "tintindex": 0
        }
      }
    },
    {
      "name": "beard_5",
      "from": [
        4.8399196,
        10.9466,
        6.25364
      ],
      "to": [
        6.5031195,
        11.7782,
        6.25364
      ],
      "rotation": {
        "angle": 0.0,
        "axis": "z",
        "origin": [
          8.0,
          8.0,
          8.0
        ]
      },
      "faces": {
        "east": {
          "uv": [
            4.375,
            2.375,
            4.375,
            2.5
          ],
          "texture": "#layer0",
          "tintindex": 0
        },
        "south": {
          "uv": [
            4.625,
            2.375,
            4.875,
            2.5
          ],
          "texture": "#layer0",
          "tintindex": 0
        },
        "north": {
          "uv": [
            4.375,
            2.375,
            4.625,
            2.5
          ],
          "texture": "#layer0",
          "tintindex": 0
        },
        "west": {
          "uv": [
            4.625,
            2.375,
            4.625,
            2.5
          ],
          "texture": "#layer0",
          "tintindex": 0
        },
        "up": {
          "uv": [
            4.625,
            2.375,
            4.375,
            2.375
          ],
          "texture": "#layer0",
          "tintindex": 0
        },
        "down": {
          "uv": [
            4.625,
            2.375,
            4.875,
            2.375
          ],
          "texture": "#layer0",
          "tintindex": 0
        }
      }
    },
    {
      "name": "beard_6",
      "from": [
        4.8399196,
        11.7782,
        6.25364
      ],
      "to": [
        6.5031195,
        13.441401,
        7.87526
      ],
      "rotation": {
        "angle": 0.0,
        "axis": "z",
        "origin": [
          8.0,
          8.0,
          8.0
        ]
      },
      "faces": {
        "east": {
          "uv": [
            6.375,
            1.75,
            6.5,
            2.0
          ],
          "texture": "#layer0",
          "tintindex": 0
        },
        "south": {
          "uv": [
            6.875,
            1.75,
            7.125,
            2.0
          ],
          "texture": "#layer0",
          "tintindex": 0
        },
        "north": {
          "uv": [
            6.5,
            1.75,
            6.75,
            2.0
          ],
          "texture": "#layer0",
          "tintindex": 0
        },
        "west": {
          "uv": [
            6.75,
            1.75,
            6.875,
            2.0
          ],
          "texture": "#layer0",
          "tintindex": 0
        },
        "up": {
          "uv": [
            6.75,
            1.75,
            6.5,
            1.625
          ],
          "texture": "#layer0",
          "tintindex": 0
        },
        "down": {
          "uv": [
            6.75,
            1.625,
            7.0,
            1.75
          ],
          "texture": "#layer0",
          "tintindex": 0
        }
      }
    },
    {
      "name": "beard_7",
      "from": [
        4.83992,
        10.9466,
        6.25364
      ],
      "to": [
        4.83992,
        11.7782,
        7.87526
      ],
      "rotation": {
        "angle": 0.0,
        "axis": "z",
        "origin": [
          8.0,
          8.0,
          8.0
        ]
      },
      "faces": {
        "east": {
          "uv": [
            0.0,
            0.125,
            0.125,
            0.25
          ],
          "texture": "#layer0",
          "tintindex": 0
        },
        "south": {
          "uv": [
            0.25,
            0.125,
            0.25,
            0.25
          ],
          "texture": "#layer0",
          "tintindex": 0
        },
        "north": {
          "uv": [
            0.125,
            0.125,
            0.125,
            0.25
          ],
          "texture": "#layer0",
          "tintindex": 0
        },
        "west": {
          "uv": [
            0.125,
            0.125,
            0.25,
            0.25
          ],
          "texture": "#layer0",
          "tintindex": 0
        },
        "up": {
          "uv": [
            0.125,
            0.125,
            0.125,
            0.0
          ],
          "texture": "#layer0",
          "tintindex": 0
        },
        "down": {
          "uv": [
            0.125,
            0.0,
            0.125,
            0.125
          ],
          "texture": "#layer0",
          "tintindex": 0
        }
      }
    },
    {
      "name": "beard_8",
      "from": [
        7.1684,
        12.6098,
        6.3368
      ],
      "to": [
        8.8316,
        14.273,
        7.7921
      ],
      "rotation": {
        "angle": 0.0,
        "axis": "z",
        "origin": [
          8.0,
          8.0,
          8.0
        ]
      },
      "faces": {
        "east": {
          "uv": [
            6.375,
            7.125,
            6.5,
            7.375
          ],
          "texture": "#layer0",
          "tintindex": 0
        },
        "south": {
          "uv": [
            6.875,
            7.125,
            7.125,
            7.375
          ],
          "texture": "#layer0",
          "tintindex": 0
        },
        "north": {
          "uv": [
            6.5,
            7.125,
            6.75,
            7.375
          ],
          "texture": "#layer0",
          "tintindex": 0
        },
        "west": {
          "uv": [
            6.75,
            7.125,
            6.875,
            7.375
          ],
          "texture": "#layer0",
          "tintindex": 0
        },
        "up": {
          "uv": [
            6.75,
            7.125,
            6.5,
            7.0
          ],
          "texture": "#layer0",
          "tintindex": 0
        },
        "down": {
          "uv": [
            6.75,
            7.0,
            7.0,
            7.125
          ],
          "texture": "#layer0",
          "tintindex": 0
        }
      }
    },
    {
      "name": "beard_9",
      "from": [
        6.7526,
        14.273,
        5.9209995
      ],
      "to": [
        9.2474,
        18.2231,
        7.7921
      ],
      "rotation": {
        "angle": 0.0,
        "axis": "z",
        "origin": [
          8.0,
          8.0,
          8.0
        ]
      },
      "faces": {
        "east": {
          "uv": [
            8.125,
            8.375,
            8.375,
            8.875
          ],
          "texture": "#layer0",
          "tintindex": 0
        },
        "south": {
          "uv": [
            9.0,
            8.375,
            9.375,
            8.875
          ],
          "texture": "#layer0",
          "tintindex": 0
        },
        "north": {
          "uv": [
            8.375,
            8.375,
            8.75,
            8.875
          ],
          "texture": "#layer0",
          "tintindex": 0
        },
        "west": {
          "uv": [
            8.75,
            8.375,
            9.0,
            8.875
          ],
          "texture": "#layer0",
          "tintindex": 0
        },
        "up": {
          "uv": [
            8.75,
            8.375,
            8.375,
            8.125
          ],
          "texture": "#layer0",
          "tintindex": 0
        },
        "down": {
          "uv": [
            8.75,
            8.125,
            9.125,
            8.375
          ],
          "texture": "#layer0",
          "tintindex": 0
        }
      }
    },
    {
      "name": "beard_10",
      "from": [
        9.41372,
        14.273,
        6.25364
      ],
      "to": [
        11.0769205,
        18.34784,
        7.87526
      ],
      "rotation": {
        "angle": 0.0,
        "axis": "z",
        "origin": [
          8.0,
          8.0,
          8.0
        ]
      },
      "faces": {
        "east": {
          "uv": [
            0.0,
            3.125,
            0.125,
            3.625
          ],
          "texture": "#layer0",
          "tintindex": 0
        },
        "south": {
          "uv": [
            0.5,
            3.125,
            0.75,
            3.625
          ],
          "texture": "#layer0",
          "tintindex": 0
        },
        "north": {
          "uv": [
            0.125,
            3.125,
            0.375,
            3.625
          ],
          "texture": "#layer0",
          "tintindex": 0
        },
        "west": {
          "uv": [
            0.375,
            3.125,
            0.5,
            3.625
          ],
          "texture": "#layer0",
          "tintindex": 0
        },
        "up": {
          "uv": [
            0.375,
            3.125,
            0.125,
            3.0
          ],
          "texture": "#layer0",
          "tintindex": 0
        },
        "down": {
          "uv": [
            0.375,
            3.0,
            0.625,
            3.125
          ],
          "texture": "#layer0",
          "tintindex": 0
        }
      }
    },
    {
      "name": "beard_11",
      "from": [
        9.82952,
        13.441401,
        6.5446997
      ],
      "to": [
        10.661119,
        14.273,
        7.5842
      ],
      "rotation": {
        "angle": 0.0,
        "axis": "z",
        "origin": [
          8.0,
          8.0,
          8.0
        ]
      },
      "faces": {
        "east": {
          "uv": [
            4.875,
            3.5,
            5.0,
            3.625
          ],
          "texture": "#layer0",
          "tintindex": 0
        },
        "south": {
          "uv": [
            5.25,
            3.5,
            5.375,
            3.625
          ],
          "texture": "#layer0",
          "tintindex": 0
        },
        "north": {
          "uv": [
            5.0,
            3.5,
            5.125,
            3.625
          ],
          "texture": "#layer0",
          "tintindex": 0
        },
        "west": {
          "uv": [
            5.125,
            3.5,
            5.25,
            3.625
          ],
          "texture": "#layer0",
          "tintindex": 0
        },
        "up": {
          "uv": [
            5.125,
            3.5,
            5.0,
            3.375
          ],
          "texture": "#layer0",
          "tintindex": 0
        },
        "down": {
          "uv": [
            5.125,
            3.375,
            5.25,
            3.5
          ],
          "texture": "#layer0",
          "tintindex": 0
        }
      }
    },
    {
      "name": "beard_12",
      "from": [
        5.25572,
        13.441401,
        6.5446997
      ],
      "to": [
        6.0873203,
        14.273,
        7.5842
      ],
      "rotation": {
        "angle": 0.0,
        "axis": "z",
        "origin": [
          8.0,
          8.0,
          8.0
        ]
      },
      "faces": {
        "east": {
          "uv": [
            3.625,
            4.125,
            3.75,
            4.25
          ],
          "texture": "#layer0",
          "tintindex": 0
        },
        "south": {
          "uv": [
            4.0,
            4.125,
            4.125,
            4.25
          ],
          "texture": "#layer0",
          "tintindex": 0
        },
        "north": {
          "uv": [
            3.75,
            4.125,
            3.875,
            4.25
          ],
          "texture": "#layer0",
          "tintindex": 0
        },
        "west": {
          "uv": [
            3.875,
            4.125,
            4.0,
            4.25
          ],
          "texture": "#layer0",
          "tintindex": 0
        },
        "up": {
          "uv": [
            3.875,
            4.125,
            3.75,
            4.0
          ],
          "texture": "#layer0",
          "tintindex": 0
        },
        "down": {
          "uv": [
            3.875,
            4.0,
            4.0,
            4.125
          ],
          "texture": "#layer0",
          "tintindex": 0
        }
      }
    },
    {
      "name": "beard_13",
      "from": [
        4.8399196,
        14.273,
        6.25364
      ],
      "to": [
        6.5031195,
        18.34784,
        7.87526
      ],
      "rotation": {
        "angle": 0.0,
        "axis": "z",
        "origin": [
          8.0,
          8.0,
          8.0
        ]
      },
      "faces": {
        "east": {
          "uv": [
            0.0,
            2.125,
            0.125,
            2.625
          ],
          "texture": "#layer0",
          "tintindex": 0
        },
        "south": {
          "uv": [
            0.5,
            2.125,
            0.75,
            2.625
          ],
          "texture": "#layer0",
          "tintindex": 0
        },
        "north": {
          "uv": [
            0.125,
            2.125,
            0.375,
            2.625
          ],
          "texture": "#layer0",
          "tintindex": 0
        },
        "west": {
          "uv": [
            0.375,
            2.125,
            0.5,
            2.625
          ],
          "texture": "#layer0",
          "tintindex": 0
        },
        "up": {
          "uv": [
            0.375,
            2.125,
            0.125,
            2.0
          ],
          "texture": "#layer0",
          "tintindex": 0
        },
        "down": {
          "uv": [
            0.375,
            2.0,
            0.625,
            2.125
          ],
          "texture": "#layer0",
          "tintindex": 0
        }
      }
    }
  ],
  "display": {
    "head": {
      "translation": [
        0.0,
        -6.4,
        0.0
      ],
      "rotation": [
        0.0,
        0.0,
        0.0
      ],
      "scale": [
        3.8095,
        3.8095,
        3.8095
      ]
    },
    "gui": {
      "translation": [
        0.0,
        0.0,
        0.0
      ],
      "rotation": [
        35.0,
        225.0,
        0.0
      ],
      "scale": [
        0.625,
        0.625,
        0.625
      ]
    }
  }
}