{
  "file_name": "leftarm",
  "texture_size": [
    128,
    128
  ],
  "textures": {
    "layer0": "manamodels:entity/dwarf"
  },
  "elements": [
    {
      "name": "leftarm_0",
      "from": [
        2.1787996,
        1.3465999,
        6.49106
      ],
      "to": [
        5.5052,
        7.1678,
        10.06694
      ],
      "rotation": {
        "angle": -22.5,
        "axis": "z",
        "origin": [
          5.5052,
          5.5045996,
          8.694799
        ]
      },
      "faces": {
        "east": {
          "uv": [
            6.75,
            2.375,
            7.25,
            3.25
          ],
          "texture": "#layer0",
          "tintindex": 0
        },
        "south": {
          "uv": [
            8.25,
            2.375,
            8.75,
            3.25
          ],
          "texture": "#layer0",
          "tintindex": 0
        },
        "north": {
          "uv": [
            7.25,
            2.375,
            7.75,
            3.25
          ],
          "texture": "#layer0",
          "tintindex": 0
        },
        "west": {
          "uv": [
            7.75,
            2.375,
            8.25,
            3.25
          ],
          "texture": "#layer0",
          "tintindex": 0
        },
        "up": {
          "uv": [
            7.75,
            2.375,
            7.25,
            1.875
          ],
          "texture": "#layer0",
          "tintindex": 0
        },
        "down": {
          "uv": [
            7.75,
            1.875,
            8.25,
            2.375
          ],
          "texture": "#layer0",
          "tintindex": 0
        }
      }
    },
    {
      "name": "leftarm_1",
      "from": [
        0.7234998,
        -0.31660032,
        6.4079
      ],
      "to": [
        4.0499,
        3.0098,
        10.150101
      ],
      "rotation": {
        "angle": 0.0,
        "axis": "z",
        "origin": [
          8.0,
          8.0,
          8.0
        ]
      },
      "faces": {
        "east": {
          "uv": [
            2.875,
            7.875,
            3.375,
            8.375
          ],
          "texture": "#layer0",
          "tintindex": 0
        },
        "south": {
          "uv": [
            4.375,
            7.875,
            4.875,
            8.375
          ],
          "texture": "#layer0",
          "tintindex": 0
        },
        "north": {
          "uv": [
            3.375,
            7.875,
            3.875,
            8.375
          ],
          "texture": "#layer0",
          "tintindex": 0
        },
        "west": {
          "uv": [
            3.875,
            7.875,
            4.375,
            8.375
          ],
          "texture": "#layer0",
          "tintindex": 0
        },
        "up": {
          "uv": [
            3.875,
            7.875,
            3.375,
            7.375
          ],
          "texture": "#layer0",
          "tintindex": 0
        },
        "down": {
          "uv": [
            3.875,
            7.375,
            4.375,
            7.875
          ],
          "texture": "#layer0",
          "tintindex": 0
        }
      }
    },
    {
      "name": "leftarm_2",
      "from": [
        1.9708995,
        1.3465999,
        6.28316
      ],
      "to": [
        5.7130995,
        4.0493,
        10.274841
      ],
      "rotation": {
        "angle": -22.5,
        "axis": "z",
        "origin": [
          5.5052,
          5.5045996,
          8.694799
        ]
      },
      "faces": {
        "east": {
          "uv": [
            0.0,
            8.0,
            0.5,
            8.375
          ],
          "texture": "#layer0",
          "tintindex": 0
        },
        "south": {
          "uv": [
            1.5,
            8.0,
            2.0,
            8.375
          ],
          "texture": "#layer0",
          "tintindex": 0
        },
        "north": {
          "uv": [
            0.5,
            8.0,
            1.0,
            8.375
          ],
          "texture": "#layer0",
          "tintindex": 0
        },
        "west": {
          "uv": [
            1.0,
            8.0,
            1.5,
            8.375
          ],
          "texture": "#layer0",
          "tintindex": 0
        },
        "up": {
          "uv": [
            1.0,
            8.0,
            0.5,
            7.5
          ],
          "texture": "#layer0",
          "tintindex": 0
        },
        "down": {
          "uv": [
            1.0,
            7.5,
            1.5,
            8.0
          ],
          "texture": "#layer0",
          "tintindex": 0
        }
      }
    }
  ],
  "display": {
    "head": {
      "translation": [
        0.0,
        -6.4,
        0.0
      ],
      "rotation": [
        0.0,
        0.0,
        0.0
      ],
      "scale": [
        3.8095,
        3.8095,
        3.8095
      ]
    },
    "gui": {
      "translation": [
        0.0,
        0.0,
        0.0
      ],
      "rotation": [
        35.0,
        225.0,
        0.0
      ],
      "scale": [
        0.625,
        0.625,
        0.625
      ]
    }
  }
}