{
  "file_name": "arm",
  "texture_size": [
    64,
    64
  ],
  "textures": {
    "layer0": "manamodels:entity/easter_bunny"
  },
  "elements": [
    {
      "name": "arm_0",
      "from": [
        7.1567774,
        4.5354443,
        7.4
      ],
      "to": [
        8.356777,
        8.735444,
        8.6
      ],
      "rotation": {
        "angle": 0.0,
        "axis": "z",
        "origin": [
          8.0,
          8.0,
          8.0
        ]
      },
      "faces": {
        "east": {
          "uv": [
            6.75,
            7.75,
            6.25,
            9.5
          ],
          "texture": "#layer0",
          "tintindex": 0
        },
        "south": {
          "uv": [
            6.0,
            7.75,
            5.5,
            9.5
          ],
          "texture": "#layer0",
          "tintindex": 0
        },
        "north": {
          "uv": [
            8.5,
            0.0,
            8.0,
            1.75
          ],
          "texture": "#layer0",
          "tintindex": 0
        },
        "west": {
          "uv": [
            8.5,
            2.0,
            8.0,
            3.75
          ],
          "texture": "#layer0",
          "tintindex": 0
        },
        "up": {
          "uv": [
            5.0,
            9.75,
            4.5,
            10.25
          ],
          "texture": "#layer0",
          "tintindex": 0
        },
        "down": {
          "uv": [
            5.25,
            10.25,
            5.75,
            9.75
          ],
          "texture": "#layer0",
          "tintindex": 0
        }
      }
    }
  ],
  "display": {
    "head": {
      "translation": [
        0.0,
        -6.4,
        0.0
      ],
      "rotation": [
        0.0,
        0.0,
        0.0
      ],
      "scale": [
        3.8095,
        3.8095,
        3.8095
      ]
    },
    "gui": {
      "translation": [
        0.0,
        0.0,
        0.0
      ],
      "rotation": [
        35.0,
        225.0,
        0.0
      ],
      "scale": [
        0.625,
        0.625,
        0.625
      ]
    }
  }
}