{
	"credit": "Made with Blockbench",
	"texture_size": [64, 64],
	"textures": {
		"layer0": "manamodels:entity/pink_kirby"
	},
	"elements": [
		{
			"name": "back_0",
			"from": [5.3, 12.2, 10.4],
			"to": [11.9, 20.6, 14.6],
			"faces": {
				"north": {"uv": [5.5, 11.75, 7.5, 14.5], "texture": "#layer0", "tintindex": 0},
				"east": {"uv": [9.75, 13.25, 10.75, 16], "texture": "#layer0", "tintindex": 0},
				"south": {"uv": [3.25, 13.25, 5.25, 16], "texture": "#layer0", "tintindex": 0},
				"west": {"uv": [9.5, 13.25, 10.5, 16], "texture": "#layer0", "tintindex": 0},
				"up": {"uv": [14.5, 16, 12.5, 15], "texture": "#layer0", "tintindex": 0},
				"down": {"uv": [14, 14.75, 16, 15.75], "texture": "#layer0", "tintindex": 0}
			}
		}
	],
	"display": {
		"gui": {
			"rotation": [35, 225, 0],
			"scale": [0.625, 0.625, 0.625]
		},
		"head": {
			"translation": [0, -6.4, 0],
			"scale": [3.8095, 3.8095, 3.8095]
		}
	}
}