{
	"credit": "Made with Blockbench",
	"texture_size": [64, 64],
	"textures": {
		"layer0": "manamodels:entity/black_badboyhalo_ghost"
	},
	"elements": [
		{
			"name": "body_0",
			"from": [4.1, 2.6, 4.4],
			"to": [11.9, 13.4, 11.6],
			"faces": {
				"north": {"uv": [0, 6.5, 2.25, 10], "texture": "#layer0", "tintindex": 0},
				"east": {"uv": [4.5, 6.75, 6.5, 10.25], "texture": "#layer0", "tintindex": 0},
				"south": {"uv": [2.25, 6.75, 4.5, 10.25], "texture": "#layer0", "tintindex": 0},
				"west": {"uv": [6.5, 6.75, 8.5, 10.25], "texture": "#layer0", "tintindex": 0},
				"up": {"uv": [4.25, 12.25, 2, 10.25], "texture": "#layer0", "tintindex": 0},
				"down": {"uv": [4.25, 10.25, 6.5, 12.25], "texture": "#layer0", "tintindex": 0}
			}
		},
		{
			"name": "body_1",
			"from": [3.2, 3.2, 3.8],
			"to": [12.8, 14.6, 12.2],
			"faces": {
				"north": {"uv": [10.5, 0, 14.5, 4.75], "texture": "#layer0", "tintindex": 0},
				"east": {"uv": [0, 0, 3.5, 4.75], "texture": "#layer0", "tintindex": 0},
				"south": {"uv": [0, 0, 4, 4.75], "texture": "#layer0", "tintindex": 0},
				"west": {"uv": [0, 0, 3.5, 4.75], "texture": "#layer0", "tintindex": 0},
				"up": {"uv": [0, 0, 4, 3.5], "texture": "#layer0", "tintindex": 0},
				"down": {"uv": [10.5, 1.75, 6.5, 5.25], "texture": "#layer0", "tintindex": 0}
			}
		},
		{
			"name": "back_0",
			"from": [4.7, 4.2, 10.4],
			"to": [11.3, 12.6, 14.6],
			"rotation": {"angle": 0, "axis": "y", "origin": [7.4, 0, 8]},
			"faces": {
				"north": {"uv": [8.5, 5.25, 10.5, 8], "texture": "#layer0", "tintindex": 0},
				"east": {"uv": [6.5, 10.25, 7.5, 13], "texture": "#layer0", "tintindex": 0},
				"south": {"uv": [0, 10, 2, 12.75], "texture": "#layer0", "tintindex": 0},
				"west": {"uv": [7.5, 10.25, 8.5, 13], "texture": "#layer0", "tintindex": 0},
				"up": {"uv": [10.5, 12, 8.5, 11], "texture": "#layer0", "tintindex": 0},
				"down": {"uv": [10.5, 11, 12.5, 12], "texture": "#layer0", "tintindex": 0}
			}
		},
		{
			"name": "back_1",
			"from": [5, 6, 14.66],
			"to": [11, 12, 14.66],
			"rotation": {"angle": 0, "axis": "y", "origin": [7.4, 0, 8]},
			"faces": {
				"north": {"uv": [13.5, 13.5, 16, 16], "texture": "#layer0", "tintindex": 0},
				"east": {"uv": [9.5, 13.5, 9.75, 16], "texture": "#layer0", "tintindex": 0},
				"south": {"uv": [11, 13.5, 13.5, 16], "texture": "#layer0", "tintindex": 0},
				"west": {"uv": [8.75, 13.5, 9, 16], "texture": "#layer0", "tintindex": 0},
				"up": {"uv": [13.25, 13, 15.75, 13.25], "texture": "#layer0", "tintindex": 0},
				"down": {"uv": [15.75, 12.25, 13.25, 12.5], "texture": "#layer0", "tintindex": 0}
			}
		},
		{
			"name": "visor_0",
			"from": [5, 7.3, 3.5],
			"to": [11, 12.1, 6.5],
			"rotation": {"angle": 0, "axis": "y", "origin": [8, 10, 5]},
			"faces": {
				"north": {"uv": [10.5, 5.75, 12.25, 7], "texture": "#layer0", "tintindex": 0},
				"east": {"uv": [5, 12.25, 5.5, 13.5], "texture": "#layer0", "tintindex": 0},
				"south": {"uv": [10.5, 7, 12.25, 8.25], "texture": "#layer0", "tintindex": 0},
				"west": {"uv": [5.5, 12.25, 6, 13.5], "texture": "#layer0", "tintindex": 0},
				"up": {"uv": [10.25, 8.5, 8.5, 8], "texture": "#layer0", "tintindex": 0},
				"down": {"uv": [12, 2.5, 13.75, 3], "texture": "#layer0", "tintindex": 0}
			}
		}
	],
	"display": {
		"gui": {
			"rotation": [35, 225, 0],
			"scale": [0.625, 0.625, 0.625]
		},
		"head": {
			"translation": [0, -6.4, 0],
			"scale": [3.8095, 3.8095, 3.8095]
		}
	}
}