{
  "file_name": "crewmate",
  "texture_size": [
    64,
    64
  ],
  "textures": {
    "layer0": "manamodels:entity/black_badboyhalo_ghost"
  },
  "elements": [
    {
      "name": "crewmate_0",
      "from": [
        4.3999996,
        8.9,
        4.3999996
      ],
      "to": [
        11.6,
        13.1,
        11.0
      ],
      "rotation": {
        "angle": 0.0,
        "axis": "x",
        "origin": [
          8.0,
          11.0,
          7.7
        ]
      },
      "faces": {
        "down": {
          "uv": [
            10.5,
            14.25,
            8.5,
            16.0
          ],
          "texture": "#layer0",
          "tintindex": 0
        },
        "east": {
          "uv": [
            3.0,
            15.25,
            4.75,
            16.0
          ],
          "texture": "#layer0",
          "tintindex": 0
        },
        "north": {
          "uv": [
            0.0,
            15.25,
            2.0,
            16.0
          ],
          "texture": "#layer0",
          "tintindex": 0
        },
        "south": {
          "uv": [
            14.0,
            12.0,
            16.0,
            12.75
          ],
          "texture": "#layer0",
          "tintindex": 0
        },
        "up": {
          "uv": [
            0.0,
            0.0,
            2.0,
            1.75
          ],
          "texture": "#layer0",
          "tintindex": 0
        },
        "west": {
          "uv": [
            14.25,
            9.0,
            16.0,
            9.75
          ],
          "texture": "#layer0",
          "tintindex": 0
        }
      }
    }
  ],
  "display": {
    "head": {
      "translation": [
        0.0,
        -6.4,
        0.0
      ],
      "rotation": [
        0.0,
        0.0,
        0.0
      ],
      "scale": [
        3.8095,
        3.8095,
        3.8095
      ]
    },
    "gui": {
      "translation": [
        0.0,
        0.0,
        0.0
      ],
      "rotation": [
        35.0,
        225.0,
        0.0
      ],
      "scale": [
        0.625,
        0.625,
        0.625
      ]
    }
  }
}