{
	"credit": "Made with Blockbench",
	"texture_size": [64, 64],
	"textures": {
		"layer0": "manamodels:entity/blue_sonic_ghost"
	},
	"elements": [
		{
			"name": "body_0",
			"from": [4.1, 2.6, 4.4],
			"to": [11.9, 13.4, 11.6],
			"faces": {
				"north": {"uv": [0, 0, 2.25, 3.5], "texture": "#layer0", "tintindex": 0},
				"east": {"uv": [0, 3.5, 2, 7], "texture": "#layer0", "tintindex": 0},
				"south": {"uv": [2.25, 2.25, 4.5, 5.75], "texture": "#layer0", "tintindex": 0},
				"west": {"uv": [4.5, 4.5, 6.5, 8], "texture": "#layer0", "tintindex": 0},
				"up": {"uv": [4.5, 2, 2.25, 0], "texture": "#layer0", "tintindex": 0},
				"down": {"uv": [6.5, 6.5, 8.75, 8.5], "texture": "#layer0", "tintindex": 0}
			}
		},
		{
			"name": "body_1",
			"from": [7.4, 6.5, 2.6],
			"to": [8.6, 7.7, 4.4],
			"faces": {
				"north": {"uv": [0.75, 10.25, 1.25, 10.75], "texture": "#layer0", "tintindex": 0},
				"east": {"uv": [9.75, 3, 10.5, 3.5], "texture": "#layer0", "tintindex": 0},
				"south": {"uv": [2, 10.25, 2.5, 10.75], "texture": "#layer0", "tintindex": 0},
				"west": {"uv": [9.75, 3.5, 10.5, 4], "texture": "#layer0", "tintindex": 0},
				"up": {"uv": [4.5, 7.75, 4, 7], "texture": "#layer0", "tintindex": 0},
				"down": {"uv": [4, 10, 4.5, 10.75], "texture": "#layer0", "tintindex": 0}
			}
		},
		{
			"name": "body_2",
			"from": [3.8, 12.5, 8],
			"to": [5.6, 14.3, 9.2],
			"rotation": {"angle": 0, "axis": "z", "origin": [3.84019, 12.95, 8.3]},
			"faces": {
				"north": {"uv": [9, 9.75, 9.75, 10.5], "texture": "#layer0", "tintindex": 0},
				"east": {"uv": [4.5, 10, 5, 10.75], "texture": "#layer0", "tintindex": 0},
				"south": {"uv": [9.75, 9.75, 10.5, 10.5], "texture": "#layer0", "tintindex": 0},
				"west": {"uv": [5, 10, 5.5, 10.75], "texture": "#layer0", "tintindex": 0},
				"up": {"uv": [6.25, 10.5, 5.5, 10], "texture": "#layer0", "tintindex": 0},
				"down": {"uv": [10, 4, 10.75, 4.5], "texture": "#layer0", "tintindex": 0}
			}
		},
		{
			"name": "body_3",
			"from": [10.4, 12.5, 8],
			"to": [12.2, 14.3, 9.2],
			"rotation": {"angle": 0, "axis": "z", "origin": [12.15981, 12.95, 8.3]},
			"faces": {
				"north": {"uv": [9.75, 1.5, 10.5, 2.25], "texture": "#layer0", "tintindex": 0},
				"east": {"uv": [10, 4.5, 10.5, 5.25], "texture": "#layer0", "tintindex": 0},
				"south": {"uv": [9.75, 2.25, 10.5, 3], "texture": "#layer0", "tintindex": 0},
				"west": {"uv": [10, 5.25, 10.5, 6], "texture": "#layer0", "tintindex": 0},
				"up": {"uv": [10.75, 9.75, 10, 9.25], "texture": "#layer0", "tintindex": 0},
				"down": {"uv": [0, 10.25, 0.75, 10.75], "texture": "#layer0", "tintindex": 0}
			}
		},
		{
			"name": "body_4",
			"from": [5.6, 12.8, 5],
			"to": [10.4, 15.2, 11],
			"rotation": {"angle": 0, "axis": "x", "origin": [8, 13.4, 8]},
			"faces": {
				"north": {"uv": [6.5, 5.75, 8, 6.25], "texture": "#layer0", "tintindex": 0},
				"east": {"uv": [8.75, 6.25, 10.75, 6.75], "texture": "#layer0", "tintindex": 0},
				"south": {"uv": [0, 9.75, 1.5, 10.25], "texture": "#layer0", "tintindex": 0},
				"west": {"uv": [8.75, 6.75, 10.75, 7.25], "texture": "#layer0", "tintindex": 0},
				"up": {"uv": [8, 3.75, 6.5, 1.75], "texture": "#layer0", "tintindex": 0},
				"down": {"uv": [6.5, 3.75, 8, 5.75], "texture": "#layer0", "tintindex": 0}
			}
		},
		{
			"name": "body_5",
			"from": [5.9, 11.6, 7.4],
			"to": [10.1, 14, 13.4],
			"rotation": {"angle": 0, "axis": "x", "origin": [7.4, 12.2, 10.4]},
			"faces": {
				"north": {"uv": [6.5, 9.75, 7.75, 10.25], "texture": "#layer0", "tintindex": 0},
				"east": {"uv": [8.75, 7.25, 10.75, 7.75], "texture": "#layer0", "tintindex": 0},
				"south": {"uv": [7.75, 9.75, 9, 10.25], "texture": "#layer0", "tintindex": 0},
				"west": {"uv": [8.75, 7.75, 10.75, 8.25], "texture": "#layer0", "tintindex": 0},
				"up": {"uv": [5.25, 10, 4, 8], "texture": "#layer0", "tintindex": 0},
				"down": {"uv": [5.25, 8, 6.5, 10], "texture": "#layer0", "tintindex": 0}
			}
		},
		{
			"name": "body_6",
			"from": [6.2, 11, 9.2],
			"to": [9.8, 12.8, 14.575],
			"rotation": {"angle": 0, "axis": "x", "origin": [6.8, 11.6, 12.2]},
			"faces": {
				"north": {"uv": [8.5, 1.5, 9.5, 1.75], "texture": "#layer0", "tintindex": 0},
				"east": {"uv": [2.25, 2, 4, 2.25], "texture": "#layer0", "tintindex": 0},
				"south": {"uv": [8.75, 8.25, 9.75, 8.5], "texture": "#layer0", "tintindex": 0},
				"west": {"uv": [6.5, 6.25, 8.25, 6.5], "texture": "#layer0", "tintindex": 0},
				"up": {"uv": [3, 10.25, 2, 8.5], "texture": "#layer0", "tintindex": 0},
				"down": {"uv": [3, 8.5, 4, 10.25], "texture": "#layer0", "tintindex": 0}
			}
		},
		{
			"name": "body_7",
			"from": [4.4, -0.48714, 5.29551],
			"to": [11.6, 3.71286, 11.89551],
			"rotation": {"angle": 0, "axis": "x", "origin": [8, 1.61286, 8.59551]},
			"faces": {
				"north": {"uv": [6.5, 8.5, 8.5, 9.25], "texture": "#layer0", "tintindex": 0},
				"east": {"uv": [8.5, 0, 10.25, 0.75], "texture": "#layer0", "tintindex": 0},
				"south": {"uv": [8.5, 8.5, 10.5, 9.25], "texture": "#layer0", "tintindex": 0},
				"west": {"uv": [8.5, 0.75, 10.25, 1.5], "texture": "#layer0", "tintindex": 0},
				"up": {"uv": [6.5, 4.5, 4.5, 2.75], "texture": "#layer0", "tintindex": 0},
				"down": {"uv": [6.5, 0, 8.5, 1.75], "texture": "#layer0", "tintindex": 0}
			}
		},
		{
			"name": "visor_0",
			"from": [5, 7.3, 3.5],
			"to": [11, 12.1, 6.5],
			"rotation": {"angle": 0, "axis": "y", "origin": [8, 10, 5]},
			"faces": {
				"north": {"uv": [8, 1.75, 9.75, 3], "texture": "#layer0", "tintindex": 0},
				"east": {"uv": [4, 5.75, 4.5, 7], "texture": "#layer0", "tintindex": 0},
				"south": {"uv": [8, 3, 9.75, 4.25], "texture": "#layer0", "tintindex": 0},
				"west": {"uv": [1.5, 9.75, 2, 11], "texture": "#layer0", "tintindex": 0},
				"up": {"uv": [8.25, 9.75, 6.5, 9.25], "texture": "#layer0", "tintindex": 0},
				"down": {"uv": [8.25, 9.25, 10, 9.75], "texture": "#layer0", "tintindex": 0}
			}
		},
		{
			"name": "back_0",
			"from": [4.7, 3.2, 10.4],
			"to": [11.3, 11.6, 14.6],
			"rotation": {"angle": 0, "axis": "y", "origin": [7.4, -1, 8]},
			"faces": {
				"north": {"uv": [4.5, 0, 6.5, 2.75], "texture": "#layer0", "tintindex": 0},
				"east": {"uv": [0, 7, 1, 9.75], "texture": "#layer0", "tintindex": 0},
				"south": {"uv": [2, 5.75, 4, 8.5], "texture": "#layer0", "tintindex": 0},
				"west": {"uv": [1, 7, 2, 9.75], "texture": "#layer0", "tintindex": 0},
				"up": {"uv": [10, 5.25, 8, 4.25], "texture": "#layer0", "tintindex": 0},
				"down": {"uv": [8, 5.25, 10, 6.25], "texture": "#layer0", "tintindex": 0}
			}
		}
	],
	"display": {
		"gui": {
			"rotation": [35, 225, 0],
			"scale": [0.625, 0.625, 0.625]
		},
		"head": {
			"translation": [0, -6.4, 0],
			"scale": [3.8095, 3.8095, 3.8095]
		}
	}
}