{
  "file_name": "midarmjoint3_right",
  "texture_size": [
    128,
    128
  ],
  "textures": {
    "layer0": "manamodels:entity/golem"
  },
  "elements": [
    {
      "name": "midarmjoint3_right_0",
      "from": [
        6.8,
        6.2,
        6.8
      ],
      "to": [
        9.2,
        8.0,
        9.2
      ],
      "rotation": {
        "angle": 0.0,
        "axis": "z",
        "origin": [
          8.0,
          8.0,
          8.0
        ]
      },
      "faces": {
        "down": {
          "uv": [
            7.0,
            8.0,
            7.5,
            8.5
          ],
          "texture": "#layer0",
          "tintindex": 0
        },
        "east": {
          "uv": [
            8.25,
            2.375,
            8.75,
            2.75
          ],
          "texture": "#layer0",
          "tintindex": 0
        },
        "north": {
          "uv": [
            8.25,
            2.0,
            8.75,
            2.375
          ],
          "texture": "#layer0",
          "tintindex": 0
        },
        "south": {
          "uv": [
            8.25,
            3.25,
            8.75,
            3.625
          ],
          "texture": "#layer0",
          "tintindex": 0
        },
        "up": {
          "uv": [
            7.0,
            8.5,
            6.5,
            8.0
          ],
          "texture": "#layer0",
          "tintindex": 0
        },
        "west": {
          "uv": [
            8.25,
            3.625,
            8.75,
            4.0
          ],
          "texture": "#layer0",
          "tintindex": 0
        }
      }
    }
  ],
  "display": {
    "head": {
      "translation": [
        0.0,
        -6.4,
        0.0
      ],
      "rotation": [
        0.0,
        0.0,
        0.0
      ],
      "scale": [
        3.8095,
        3.8095,
        3.8095
      ]
    },
    "gui": {
      "translation": [
        0.0,
        0.0,
        0.0
      ],
      "rotation": [
        35.0,
        225.0,
        0.0
      ],
      "scale": [
        0.625,
        0.625,
        0.625
      ]
    }
  }
}