{
	"credit": "Made with Blockbench",
	"texture_size": [64, 64],
	"textures": {
		"layer0": "manamodels:entity/black_badboyhalo"
	},
	"elements": [
		{
			"name": "back_0",
			"from": [5.3, 12.2, 10.4],
			"to": [11.9, 20.6, 14.6],
			"faces": {
				"north": {"uv": [8.25, 15, 10.75, 16], "texture": "#layer0", "tintindex": 0},
				"east": {"uv": [8.25, 15.25, 9.25, 16], "texture": "#layer0", "tintindex": 0},
				"south": {"uv": [8.25, 15, 10.75, 16], "texture": "#layer0", "tintindex": 0},
				"west": {"uv": [8.25, 15, 9.25, 16], "texture": "#layer0", "tintindex": 0},
				"up": {"uv": [7.75, 15.75, 10.25, 16], "texture": "#layer0", "tintindex": 0},
				"down": {"uv": [10.5, 15.75, 8, 16], "texture": "#layer0", "tintindex": 0}
			}
		},
		{
			"name": "back_1",
			"from": [5.6, 14, 14.66],
			"to": [11.6, 20, 14.66],
			"faces": {
				"north": {"uv": [8.25, 15, 10.75, 16], "texture": "#layer0", "tintindex": 0},
				"east": {"uv": [9.5, 13.5, 9.75, 16], "texture": "#layer0", "tintindex": 0},
				"south": {"uv": [8.25, 15, 10.75, 16], "texture": "#layer0", "tintindex": 0},
				"west": {"uv": [8.75, 13.5, 9, 16], "texture": "#layer0", "tintindex": 0},
				"up": {"uv": [7.75, 15.75, 10.25, 16], "texture": "#layer0", "tintindex": 0},
				"down": {"uv": [10.5, 15.75, 8, 16], "texture": "#layer0", "tintindex": 0}
			}
		}
	],
	"display": {
		"gui": {
			"rotation": [35, 225, 0],
			"scale": [0.625, 0.625, 0.625]
		},
		"head": {
			"translation": [0, -6.4, 0],
			"scale": [3.8095, 3.8095, 3.8095]
		}
	}
}