{
	"credit": "Made with Blockbench",
	"texture_size": [64, 64],
	"textures": {
		"layer0": "manamodels:entity/blue"
	},
	"elements": [
		{
			"name": "back_0",
			"from": [4.7, 12.2, 10.4],
			"to": [11.3, 20.6, 14.6],
			"faces": {
				"north": {"uv": [1.25, 11, 3.25, 13.75], "texture": "#layer0", "tintindex": 0},
				"east": {"uv": [2, 11.25, 3, 14], "texture": "#layer0", "tintindex": 0},
				"south": {"uv": [1.5, 11.5, 3.5, 14.25], "texture": "#layer0", "tintindex": 0},
				"west": {"uv": [1.25, 11.5, 2.25, 14.25], "texture": "#layer0", "tintindex": 0},
				"up": {"uv": [3.5, 14, 1.5, 13], "texture": "#layer0", "tintindex": 0},
				"down": {"uv": [2, 13, 4, 14], "texture": "#layer0", "tintindex": 0}
			}
		}
	],
	"display": {
		"gui": {
			"rotation": [35, 225, 0],
			"scale": [0.625, 0.625, 0.625]
		},
		"head": {
			"translation": [0, -6.4, 0],
			"scale": [3.8095, 3.8095, 3.8095]
		}
	}
}