{
	"credit": "Made with Blockbench",
	"texture_size": [64, 64],
	"textures": {
		"0": "manamodels:entity/green_ghost",
		"particle": "manamodels:entity/green_ghost"
	},
	"elements": [
		{
			"name": "visor_0",
			"from": [5, 5.3, 6.5],
			"to": [11, 10.1, 9.5],
			"faces": {
				"north": {"uv": [14.25, 14.5, 16, 15.75], "texture": "#0", "tintindex": 0},
				"east": {"uv": [15.5, 14.75, 16, 16], "texture": "#0", "tintindex": 0},
				"south": {"uv": [14.25, 13, 16, 14.25], "texture": "#0", "tintindex": 0},
				"west": {"uv": [15.5, 11.25, 16, 12.5], "texture": "#0", "tintindex": 0},
				"up": {"uv": [16, 16, 14.25, 15.5], "texture": "#0", "tintindex": 0},
				"down": {"uv": [14.25, 15.5, 16, 16], "texture": "#0", "tintindex": 0}
			}
		}
	],
	"display": {
		"gui": {
			"rotation": [35, 225, 0],
			"scale": [0.625, 0.625, 0.625]
		},
		"head": {
			"translation": [0, -6.4, 0],
			"scale": [3.8095, 3.8095, 3.8095]
		}
	}
}