{
	"credit": "Made with Blockbench",
	"texture_size": [64, 64],
	"textures": {
		"layer0": "manamodels:entity/black"
	},
	"elements": [
		{
			"name": "visor_0",
			"from": [5, 16.1, 3.2],
			"to": [11, 20.9, 6.2],
			"faces": {
				"north": {"uv": [13.5, 7.75, 15.25, 9], "texture": "#layer0", "tintindex": 0},
				"east": {"uv": [13, 6.75, 13.5, 8], "texture": "#layer0", "tintindex": 0},
				"south": {"uv": [13.5, 7.5, 15.25, 8.75], "texture": "#layer0", "tintindex": 0},
				"west": {"uv": [13.75, 7.5, 14.25, 8.75], "texture": "#layer0", "tintindex": 0},
				"up": {"uv": [13, 6.5, 11.25, 6], "texture": "#layer0", "tintindex": 0},
				"down": {"uv": [11.5, 5.25, 13.25, 5.75], "texture": "#layer0", "tintindex": 0}
			}
		}
	],
	"display": {
		"gui": {
			"rotation": [35, 225, 0],
			"scale": [0.625, 0.625, 0.625]
		},
		"head": {
			"translation": [0, -6.4, 0],
			"scale": [3.8095, 3.8095, 3.8095]
		}
	}
}