{
  "file_name": "tail",
  "texture_size": [
    128,
    128
  ],
  "textures": {
    "layer0": "manamodels:entity/moose"
  },
  "elements": [
    {
      "name": "tail_0",
      "from": [
        6.8,
        6.2,
        8.0
      ],
      "to": [
        9.2,
        9.8,
        10.4
      ],
      "rotation": {
        "angle": 0.0,
        "axis": "z",
        "origin": [
          8.0,
          8.0,
          8.0
        ]
      },
      "faces": {
        "down": {
          "uv": [
            10.25,
            4.75,
            10.75,
            5.25
          ],
          "texture": "#layer0",
          "tintindex": 0
        },
        "east": {
          "uv": [
            10.0,
            1.0,
            10.5,
            1.75
          ],
          "texture": "#layer0",
          "tintindex": 0
        },
        "north": {
          "uv": [
            7.0,
            5.75,
            7.5,
            6.5
          ],
          "texture": "#layer0",
          "tintindex": 0
        },
        "south": {
          "uv": [
            10.0,
            9.0,
            10.5,
            9.75
          ],
          "texture": "#layer0",
          "tintindex": 0
        },
        "up": {
          "uv": [
            3.0,
            6.5,
            2.5,
            6.0
          ],
          "texture": "#layer0",
          "tintindex": 0
        },
        "west": {
          "uv": [
            2.75,
            10.25,
            3.25,
            11.0
          ],
          "texture": "#layer0",
          "tintindex": 0
        }
      }
    }
  ],
  "display": {
    "head": {
      "translation": [
        0.0,
        -6.4,
        0.0
      ],
      "rotation": [
        0.0,
        0.0,
        0.0
      ],
      "scale": [
        3.8095,
        3.8095,
        3.8095
      ]
    },
    "gui": {
      "translation": [
        0.0,
        0.0,
        0.0
      ],
      "rotation": [
        35.0,
        225.0,
        0.0
      ],
      "scale": [
        0.625,
        0.625,
        0.625
      ]
    }
  }
}