{
  "file_name": "hammer",
  "texture_size": [
    128,
    128
  ],
  "textures": {
    "layer0": "manamodels:entity/dwarf"
  },
  "elements": [
    {
      "name": "hammer_0",
      "from": [
        12.757999,
        12.1097,
        12.0212
      ],
      "to": [
        16.0844,
        15.4361,
        14.516001
      ],
      "rotation": {
        "angle": 0.0,
        "axis": "z",
        "origin": [
          8.0,
          8.0,
          8.0
        ]
      },
      "faces": {
        "east": {
          "uv": [
            1.875,
            4.875,
            2.25,
            5.375
          ],
          "texture": "#layer0",
          "tintindex": 0
        },
        "south": {
          "uv": [
            3.125,
            4.875,
            3.625,
            5.375
          ],
          "texture": "#layer0",
          "tintindex": 0
        },
        "north": {
          "uv": [
            2.25,
            4.875,
            2.75,
            5.375
          ],
          "texture": "#layer0",
          "tintindex": 0
        },
        "west": {
          "uv": [
            2.75,
            4.875,
            3.125,
            5.375
          ],
          "texture": "#layer0",
          "tintindex": 0
        },
        "up": {
          "uv": [
            2.75,
            4.875,
            2.25,
            4.5
          ],
          "texture": "#layer0",
          "tintindex": 0
        },
        "down": {
          "uv": [
            2.75,
            4.5,
            3.25,
            4.875
          ],
          "texture": "#layer0",
          "tintindex": 0
        }
      }
    },
    {
      "name": "hammer_1",
      "from": [
        12.757999,
        12.1097,
        2.0419996
      ],
      "to": [
        16.0844,
        15.4361,
        2.8735995
      ],
      "rotation": {
        "angle": 0.0,
        "axis": "z",
        "origin": [
          8.0,
          8.0,
          8.0
        ]
      },
      "faces": {
        "east": {
          "uv": [
            4.75,
            5.5,
            4.875,
            6.0
          ],
          "texture": "#layer0",
          "tintindex": 0
        },
        "south": {
          "uv": [
            5.5,
            5.5,
            6.0,
            6.0
          ],
          "texture": "#layer0",
          "tintindex": 0
        },
        "north": {
          "uv": [
            4.875,
            5.5,
            5.375,
            6.0
          ],
          "texture": "#layer0",
          "tintindex": 0
        },
        "west": {
          "uv": [
            5.375,
            5.5,
            5.5,
            6.0
          ],
          "texture": "#layer0",
          "tintindex": 0
        },
        "up": {
          "uv": [
            5.375,
            5.5,
            4.875,
            5.375
          ],
          "texture": "#layer0",
          "tintindex": 0
        },
        "down": {
          "uv": [
            5.375,
            5.375,
            5.875,
            5.5
          ],
          "texture": "#layer0",
          "tintindex": 0
        }
      }
    },
    {
      "name": "hammer_2",
      "from": [
        11.9264,
        9.614901,
        -2.1160007
      ],
      "to": [
        16.916,
        17.9309,
        2.0419993
      ],
      "rotation": {
        "angle": 0.0,
        "axis": "z",
        "origin": [
          8.0,
          8.0,
          8.0
        ]
      },
      "faces": {
        "east": {
          "uv": [
            2.625,
            6.0,
            3.25,
            7.25
          ],
          "texture": "#layer0",
          "tintindex": 0
        },
        "south": {
          "uv": [
            4.625,
            6.0,
            5.375,
            7.25
          ],
          "texture": "#layer0",
          "tintindex": 0
        },
        "north": {
          "uv": [
            3.25,
            6.0,
            4.0,
            7.25
          ],
          "texture": "#layer0",
          "tintindex": 0
        },
        "west": {
          "uv": [
            4.0,
            6.0,
            4.625,
            7.25
          ],
          "texture": "#layer0",
          "tintindex": 0
        },
        "up": {
          "uv": [
            4.0,
            6.0,
            3.25,
            5.375
          ],
          "texture": "#layer0",
          "tintindex": 0
        },
        "down": {
          "uv": [
            4.0,
            5.375,
            4.75,
            6.0
          ],
          "texture": "#layer0",
          "tintindex": 0
        }
      }
    },
    {
      "name": "hammer_3",
      "from": [
        11.718501,
        15.436101,
        -2.3238997
      ],
      "to": [
        17.123901,
        17.0993,
        2.2499003
      ],
      "rotation": {
        "angle": 0.0,
        "axis": "z",
        "origin": [
          8.0,
          8.0,
          8.0
        ]
      },
      "faces": {
        "east": {
          "uv": [
            5.625,
            0.875,
            6.25,
            1.125
          ],
          "texture": "#layer0",
          "tintindex": 0
        },
        "south": {
          "uv": [
            7.625,
            0.875,
            8.375,
            1.125
          ],
          "texture": "#layer0",
          "tintindex": 0
        },
        "north": {
          "uv": [
            6.25,
            0.875,
            7.0,
            1.125
          ],
          "texture": "#layer0",
          "tintindex": 0
        },
        "west": {
          "uv": [
            7.0,
            0.875,
            7.625,
            1.125
          ],
          "texture": "#layer0",
          "tintindex": 0
        },
        "up": {
          "uv": [
            7.0,
            0.875,
            6.25,
            0.25
          ],
          "texture": "#layer0",
          "tintindex": 0
        },
        "down": {
          "uv": [
            7.0,
            0.25,
            7.75,
            0.875
          ],
          "texture": "#layer0",
          "tintindex": 0
        }
      }
    },
    {
      "name": "hammer_4",
      "from": [
        11.718501,
        10.4465,
        -2.3238997
      ],
      "to": [
        17.123901,
        12.1097,
        2.2499003
      ],
      "rotation": {
        "angle": 0.0,
        "axis": "z",
        "origin": [
          8.0,
          8.0,
          8.0
        ]
      },
      "faces": {
        "east": {
          "uv": [
            5.375,
            6.0,
            6.0,
            6.25
          ],
          "texture": "#layer0",
          "tintindex": 0
        },
        "south": {
          "uv": [
            7.375,
            6.0,
            8.125,
            6.25
          ],
          "texture": "#layer0",
          "tintindex": 0
        },
        "north": {
          "uv": [
            6.0,
            6.0,
            6.75,
            6.25
          ],
          "texture": "#layer0",
          "tintindex": 0
        },
        "west": {
          "uv": [
            6.75,
            6.0,
            7.375,
            6.25
          ],
          "texture": "#layer0",
          "tintindex": 0
        },
        "up": {
          "uv": [
            6.75,
            6.0,
            6.0,
            5.375
          ],
          "texture": "#layer0",
          "tintindex": 0
        },
        "down": {
          "uv": [
            6.75,
            5.375,
            7.5,
            6.0
          ],
          "texture": "#layer0",
          "tintindex": 0
        }
      }
    },
    {
      "name": "hammer_5",
      "from": [
        13.5896015,
        12.9413,
        2.8736
      ],
      "to": [
        15.252801,
        14.6045,
        12.0212
      ],
      "rotation": {
        "angle": 0.0,
        "axis": "z",
        "origin": [
          8.0,
          8.0,
          8.0
        ]
      },
      "faces": {
        "east": {
          "uv": [
            0.0,
            5.375,
            1.375,
            5.625
          ],
          "texture": "#layer0",
          "tintindex": 0
        },
        "south": {
          "uv": [
            3.0,
            5.375,
            3.25,
            5.625
          ],
          "texture": "#layer0",
          "tintindex": 0
        },
        "north": {
          "uv": [
            1.375,
            5.375,
            1.625,
            5.625
          ],
          "texture": "#layer0",
          "tintindex": 0
        },
        "west": {
          "uv": [
            1.625,
            5.375,
            3.0,
            5.625
          ],
          "texture": "#layer0",
          "tintindex": 0
        },
        "up": {
          "uv": [
            1.625,
            5.375,
            1.375,
            4.0
          ],
          "texture": "#layer0",
          "tintindex": 0
        },
        "down": {
          "uv": [
            1.625,
            4.0,
            1.875,
            5.375
          ],
          "texture": "#layer0",
          "tintindex": 0
        }
      }
    }
  ],
  "display": {
    "head": {
      "translation": [
        0.0,
        -6.4,
        0.0
      ],
      "rotation": [
        0.0,
        0.0,
        0.0
      ],
      "scale": [
        3.8095,
        3.8095,
        3.8095
      ]
    },
    "gui": {
      "translation": [
        0.0,
        0.0,
        0.0
      ],
      "rotation": [
        35.0,
        225.0,
        0.0
      ],
      "scale": [
        0.625,
        0.625,
        0.625
      ]
    }
  }
}