{
	"credit": "Made with Blockbench",
	"texture_size": [64, 64],
	"textures": {
		"layer0": "manamodels:entity/white_olaf"
	},
	"elements": [
		{
			"name": "visor_0",
			"from": [5, 5.3, 6.5],
			"to": [11, 10.1, 9.5],
			"faces": {
				"north": {"uv": [14.25, 5, 16, 6.25], "texture": "#layer0", "tintindex": 0},
				"east": {"uv": [14.75, 8.5, 15.25, 9.75], "texture": "#layer0", "tintindex": 0},
				"south": {"uv": [14.25, 9.25, 16, 10.5], "texture": "#layer0", "tintindex": 0},
				"west": {"uv": [15.5, 6.25, 16, 7.5], "texture": "#layer0", "tintindex": 0},
				"up": {"uv": [16, 7, 14.25, 6.5], "texture": "#layer0", "tintindex": 0},
				"down": {"uv": [14.25, 7.75, 16, 8.25], "texture": "#layer0", "tintindex": 0}
			}
		}
	],
	"display": {
		"gui": {
			"rotation": [35, 225, 0],
			"scale": [0.625, 0.625, 0.625]
		},
		"head": {
			"translation": [0, -6.4, 0],
			"scale": [3.8095, 3.8095, 3.8095]
		}
	}
}