{
	"credit": "Made with Blockbench",
	"texture_size": [64, 64],
	"textures": {
		"layer0": "manamodels:entity/black_penguin_ghost"
	},
	"elements": [
		{
			"name": "back_0",
			"from": [5.3, 12.2, 10.4],
			"to": [11.9, 20.6, 14.6],
			"faces": {
				"north": {"uv": [12.75, 11.5, 14.75, 14.25], "texture": "#layer0", "tintindex": 0},
				"east": {"uv": [6, 13.25, 7, 16], "texture": "#layer0", "tintindex": 0},
				"south": {"uv": [5.5, 13.25, 7.5, 16], "texture": "#layer0", "tintindex": 0},
				"west": {"uv": [7.5, 13.25, 8.5, 16], "texture": "#layer0", "tintindex": 0},
				"up": {"uv": [9.25, 15.5, 7.25, 14.5], "texture": "#layer0", "tintindex": 0},
				"down": {"uv": [8, 15, 10, 16], "texture": "#layer0", "tintindex": 0}
			}
		}
	],
	"display": {
		"gui": {
			"rotation": [35, 225, 0],
			"scale": [0.625, 0.625, 0.625]
		},
		"head": {
			"translation": [0, -6.4, 0],
			"scale": [3.8095, 3.8095, 3.8095]
		}
	}
}