{
  "file_name": "claw_left",
  "texture_size": [
    128,
    128
  ],
  "textures": {
    "layer0": "manamodels:entity/sahuagin"
  },
  "elements": [
    {
      "name": "claw_left_0",
      "from": [
        7.106,
        -0.3940003,
        8.606
      ],
      "to": [
        8.294,
        6.194,
        9.794001
      ],
      "rotation": {
        "angle": -22.5,
        "axis": "x",
        "origin": [
          8.0,
          6.2,
          8.6
        ]
      },
      "faces": {
        "east": {
          "uv": [
            0.25,
            12.125,
            0.0,
            13.5
          ],
          "texture": "#layer0",
          "tintindex": 0
        },
        "south": {
          "uv": [
            0.25,
            12.125,
            0.5,
            13.5
          ],
          "texture": "#layer0",
          "tintindex": 0
        },
        "north": {
          "uv": [
            0.5,
            12.125,
            0.25,
            13.5
          ],
          "texture": "#layer0",
          "tintindex": 0
        },
        "west": {
          "uv": [
            0.25,
            12.125,
            0.0,
            13.5
          ],
          "texture": "#layer0",
          "tintindex": 0
        },
        "up": {
          "uv": [
            2.5,
            9.75,
            2.875,
            9.0
          ],
          "texture": "#layer0",
          "tintindex": 0
        },
        "down": {
          "uv": [
            0.25,
            13.5,
            0.0,
            13.75
          ],
          "texture": "#layer0",
          "tintindex": 0
        }
      }
    },
    {
      "name": "claw_left_1",
      "from": [
        7.106,
        -0.3940003,
        6.2060003
      ],
      "to": [
        8.294,
        6.194,
        7.394
      ],
      "rotation": {
        "angle": 22.5,
        "axis": "x",
        "origin": [
          8.0,
          6.2,
          7.4
        ]
      },
      "faces": {
        "east": {
          "uv": [
            0.25,
            12.125,
            0.0,
            13.5
          ],
          "texture": "#layer0",
          "tintindex": 0
        },
        "south": {
          "uv": [
            0.25,
            12.125,
            0.5,
            13.5
          ],
          "texture": "#layer0",
          "tintindex": 0
        },
        "north": {
          "uv": [
            0.5,
            12.125,
            0.25,
            13.5
          ],
          "texture": "#layer0",
          "tintindex": 0
        },
        "west": {
          "uv": [
            0.25,
            12.125,
            0.0,
            13.5
          ],
          "texture": "#layer0",
          "tintindex": 0
        },
        "up": {
          "uv": [
            2.5,
            9.75,
            2.875,
            9.0
          ],
          "texture": "#layer0",
          "tintindex": 0
        },
        "down": {
          "uv": [
            0.25,
            13.5,
            0.0,
            13.75
          ],
          "texture": "#layer0",
          "tintindex": 0
        }
      }
    },
    {
      "name": "claw_left_2",
      "from": [
        7.106,
        -0.3940003,
        7.406
      ],
      "to": [
        8.294,
        6.194,
        8.594
      ],
      "rotation": {
        "angle": 0.0,
        "axis": "z",
        "origin": [
          8.0,
          8.0,
          8.0
        ]
      },
      "faces": {
        "east": {
          "uv": [
            0.25,
            12.125,
            0.0,
            13.5
          ],
          "texture": "#layer0",
          "tintindex": 0
        },
        "south": {
          "uv": [
            0.25,
            12.125,
            0.5,
            13.5
          ],
          "texture": "#layer0",
          "tintindex": 0
        },
        "north": {
          "uv": [
            0.5,
            12.125,
            0.25,
            13.5
          ],
          "texture": "#layer0",
          "tintindex": 0
        },
        "west": {
          "uv": [
            0.25,
            12.125,
            0.0,
            13.5
          ],
          "texture": "#layer0",
          "tintindex": 0
        },
        "up": {
          "uv": [
            2.5,
            9.75,
            2.875,
            9.0
          ],
          "texture": "#layer0",
          "tintindex": 0
        },
        "down": {
          "uv": [
            0.25,
            13.5,
            0.0,
            13.75
          ],
          "texture": "#layer0",
          "tintindex": 0
        }
      }
    },
    {
      "name": "claw_left_3",
      "from": [
        7.7060003,
        -0.3940003,
        4.406
      ],
      "to": [
        7.694,
        6.194,
        11.594
      ],
      "rotation": {
        "angle": 0.0,
        "axis": "z",
        "origin": [
          8.0,
          8.0,
          8.0
        ]
      },
      "faces": {
        "east": {
          "uv": [
            1.5,
            13.75,
            0.0,
            15.125
          ],
          "texture": "#layer0",
          "tintindex": 0
        },
        "south": {
          "uv": [
            0.25,
            12.125,
            0.0,
            13.5
          ],
          "texture": "#layer0",
          "tintindex": 0
        },
        "north": {
          "uv": [
            0.25,
            12.125,
            0.0,
            13.5
          ],
          "texture": "#layer0",
          "tintindex": 0
        },
        "west": {
          "uv": [
            0.0,
            13.75,
            1.5,
            15.125
          ],
          "texture": "#layer0",
          "tintindex": 0
        },
        "up": {
          "uv": [
            2.5,
            9.75,
            2.875,
            9.0
          ],
          "texture": "#layer0",
          "tintindex": 0
        },
        "down": {
          "uv": [
            10.375,
            8.25,
            10.0,
            9.0
          ],
          "texture": "#layer0",
          "tintindex": 0
        }
      }
    },
    {
      "name": "claw_left_4",
      "from": [
        7.094,
        6.194,
        6.194
      ],
      "to": [
        8.906,
        8.0060005,
        9.806
      ],
      "rotation": {
        "angle": 0.0,
        "axis": "z",
        "origin": [
          8.0,
          8.0,
          8.0
        ]
      },
      "faces": {
        "east": {
          "uv": [
            10.0,
            7.5,
            9.25,
            7.875
          ],
          "texture": "#layer0",
          "tintindex": 0
        },
        "south": {
          "uv": [
            9.25,
            11.375,
            8.875,
            11.75
          ],
          "texture": "#layer0",
          "tintindex": 0
        },
        "north": {
          "uv": [
            8.125,
            7.375,
            7.75,
            7.75
          ],
          "texture": "#layer0",
          "tintindex": 0
        },
        "west": {
          "uv": [
            9.0,
            7.875,
            8.25,
            8.25
          ],
          "texture": "#layer0",
          "tintindex": 0
        },
        "up": {
          "uv": [
            2.5,
            9.75,
            2.875,
            9.0
          ],
          "texture": "#layer0",
          "tintindex": 0
        },
        "down": {
          "uv": [
            10.375,
            8.25,
            10.0,
            9.0
          ],
          "texture": "#layer0",
          "tintindex": 0
        }
      }
    }
  ],
  "display": {
    "head": {
      "translation": [
        0.0,
        -6.4,
        0.0
      ],
      "rotation": [
        0.0,
        0.0,
        0.0
      ],
      "scale": [
        3.8095,
        3.8095,
        3.8095
      ]
    },
    "gui": {
      "translation": [
        0.0,
        0.0,
        0.0
      ],
      "rotation": [
        35.0,
        225.0,
        0.0
      ],
      "scale": [
        0.625,
        0.625,
        0.625
      ]
    }
  }
}