{
	"credit": "Made with Blockbench",
	"texture_size": [128, 128],
	"textures": {
		"layer0": "manamodels:entity/mole"
	},
	"elements": [
		{
			"name": "head_0",
			"from": [5.6, 8, 2.6],
			"to": [10.4, 9.2, 5],
			"faces": {
				"north": {"uv": [8, 6.375, 9, 6.625], "texture": "#layer0", "tintindex": 0},
				"east": {"uv": [1, 5, 1.5, 5.25], "texture": "#layer0", "tintindex": 0},
				"south": {"uv": [8, 6.625, 9, 6.875], "texture": "#layer0", "tintindex": 0},
				"west": {"uv": [5.25, 1.25, 5.75, 1.5], "texture": "#layer0", "tintindex": 0},
				"up": {"uv": [6.5, 5.5, 5.5, 5], "texture": "#layer0", "tintindex": 0},
				"down": {"uv": [7, 4.5, 8, 5], "texture": "#layer0", "tintindex": 0}
			}
		},
		{
			"name": "head_1",
			"from": [5.6, 9.2, 2.6],
			"to": [10.4, 11, 5],
			"faces": {
				"north": {"uv": [8, 5.375, 9, 5.75], "texture": "#layer0", "tintindex": 0},
				"east": {"uv": [0.375, 8.25, 0.875, 8.625], "texture": "#layer0", "tintindex": 0},
				"south": {"uv": [8, 5.75, 9, 6.125], "texture": "#layer0", "tintindex": 0},
				"west": {"uv": [0.875, 8.25, 1.375, 8.625], "texture": "#layer0", "tintindex": 0},
				"up": {"uv": [3.5, 8.5, 2.5, 8], "texture": "#layer0", "tintindex": 0},
				"down": {"uv": [3.5, 8, 4.5, 8.5], "texture": "#layer0", "tintindex": 0}
			}
		},
		{
			"name": "head_2",
			"from": [5, 8, 5],
			"to": [11, 14, 11],
			"faces": {
				"north": {"uv": [2.25, 5.25, 3.5, 6.5], "texture": "#layer0", "tintindex": 0},
				"east": {"uv": [5.25, 0, 6.5, 1.25], "texture": "#layer0", "tintindex": 0},
				"south": {"uv": [5.5, 5.5, 6.75, 6.75], "texture": "#layer0", "tintindex": 0},
				"west": {"uv": [5.75, 1.25, 7, 2.5], "texture": "#layer0", "tintindex": 0},
				"up": {"uv": [7, 3.75, 5.75, 2.5], "texture": "#layer0", "tintindex": 0},
				"down": {"uv": [5.75, 3.75, 7, 5], "texture": "#layer0", "tintindex": 0}
			}
		},
		{
			"name": "head_3",
			"from": [5, 11, 2],
			"to": [11, 14, 5],
			"faces": {
				"north": {"uv": [7, 1, 8.25, 1.625], "texture": "#layer0", "tintindex": 0},
				"east": {"uv": [8, 8, 8.625, 8.625], "texture": "#layer0", "tintindex": 0},
				"south": {"uv": [7, 1.625, 8.25, 2.25], "texture": "#layer0", "tintindex": 0},
				"west": {"uv": [8, 4.25, 8.625, 4.875], "texture": "#layer0", "tintindex": 0},
				"up": {"uv": [8.25, 2.875, 7, 2.25], "texture": "#layer0", "tintindex": 0},
				"down": {"uv": [7, 2.875, 8.25, 3.5], "texture": "#layer0", "tintindex": 0}
			}
		},
		{
			"name": "head_4",
			"from": [8, 8.6, 2],
			"to": [9.8, 11, 2.6],
			"faces": {
				"north": {"uv": [6.75, 8.125, 7.125, 8.625], "texture": "#layer0", "tintindex": 0},
				"east": {"uv": [7.875, 8.25, 8, 8.75], "texture": "#layer0", "tintindex": 0},
				"south": {"uv": [0, 8.25, 0.375, 8.75], "texture": "#layer0", "tintindex": 0},
				"west": {"uv": [3.375, 8.5, 3.5, 9], "texture": "#layer0", "tintindex": 0},
				"up": {"uv": [8.375, 8, 8, 7.875], "texture": "#layer0", "tintindex": 0},
				"down": {"uv": [8.375, 7.875, 8.75, 8], "texture": "#layer0", "tintindex": 0}
			}
		},
		{
			"name": "head_5",
			"from": [6.2, 7.4, 2],
			"to": [8, 11, 2.6],
			"faces": {
				"north": {"uv": [6.75, 7.375, 7.125, 8.125], "texture": "#layer0", "tintindex": 0},
				"east": {"uv": [7.125, 7.375, 7.25, 8.125], "texture": "#layer0", "tintindex": 0},
				"south": {"uv": [4.5, 8, 4.875, 8.75], "texture": "#layer0", "tintindex": 0},
				"west": {"uv": [4.875, 8, 5, 8.75], "texture": "#layer0", "tintindex": 0},
				"up": {"uv": [8.75, 8.75, 8.375, 8.625], "texture": "#layer0", "tintindex": 0},
				"down": {"uv": [8.625, 0.25, 9, 0.375], "texture": "#layer0", "tintindex": 0}
			}
		},
		{
			"name": "head_6",
			"from": [6.2, 11.6, 1.4],
			"to": [9.8, 14, 2],
			"faces": {
				"north": {"uv": [3.75, 3.25, 4.5, 3.75], "texture": "#layer0", "tintindex": 0},
				"east": {"uv": [3.5, 8.5, 3.625, 9], "texture": "#layer0", "tintindex": 0},
				"south": {"uv": [8, 4.875, 8.75, 5.375], "texture": "#layer0", "tintindex": 0},
				"west": {"uv": [3.625, 8.5, 3.75, 9], "texture": "#layer0", "tintindex": 0},
				"up": {"uv": [3, 2.25, 2.25, 2.125], "texture": "#layer0", "tintindex": 0},
				"down": {"uv": [3, 2.125, 3.75, 2.25], "texture": "#layer0", "tintindex": 0}
			}
		},
		{
			"name": "head_7",
			"from": [2.6, 8.6, 1.4],
			"to": [13.4, 17, 1.4],
			"faces": {
				"north": {"uv": [0, 0, 2.25, 1.75], "texture": "#layer0", "tintindex": 0},
				"east": {"uv": [0, 0, 0, 1.75], "texture": "#layer0", "tintindex": 0},
				"south": {"uv": [0, 1.75, 2.25, 3.5], "texture": "#layer0", "tintindex": 0},
				"west": {"uv": [0, 0, 0, 1.75], "texture": "#layer0", "tintindex": 0},
				"up": {"uv": [2.25, 0, 0, 0], "texture": "#layer0", "tintindex": 0},
				"down": {"uv": [0, 0, 2.25, 0], "texture": "#layer0", "tintindex": 0}
			}
		}
	],
	"gui_light": "front",
	"display": {
		"gui": {
			"rotation": [35, 225, 0],
			"translation": [-2.25, -3.25, 0],
			"scale": [1.6, 1.6, 1.6]
		},
		"head": {
			"translation": [0, -6.4, 0],
			"scale": [3.8095, 3.8095, 3.8095]
		}
	}
}