{
	"credit": "Made with Blockbench",
	"texture_size": [64, 64],
	"textures": {
		"layer0": "manamodels:entity/white_sapnap_ghost"
	},
	"elements": [
		{
			"name": "hair_0",
			"from": [3.8, 9.5, 4.1],
			"to": [12.2, 13.7, 11.9],
			"faces": {
				"north": {"uv": [12.5, 11.5, 16, 13.25], "texture": "#layer0", "tintindex": 0},
				"east": {"uv": [12.75, 11.75, 16, 13.5], "texture": "#layer0", "tintindex": 0},
				"south": {"uv": [12.5, 12, 16, 13.75], "texture": "#layer0", "tintindex": 0},
				"west": {"uv": [12.75, 11.5, 16, 13.25], "texture": "#layer0", "tintindex": 0},
				"up": {"uv": [16, 6.5, 12.5, 3.25], "texture": "#layer0", "tintindex": 0},
				"down": {"uv": [12.5, 2.75, 16, 6], "texture": "#layer0", "tintindex": 0}
			}
		},
		{
			"name": "hair_1",
			"from": [12.2, 6.8, 7.4],
			"to": [12.2, 11, 11.6],
			"rotation": {"angle": 0, "axis": "z", "origin": [12.2, 11, 9.2]},
			"faces": {
				"north": {"uv": [12.5, 11.5, 16, 13.25], "texture": "#layer0", "tintindex": 0},
				"east": {"uv": [12.75, 11.75, 16, 13.5], "texture": "#layer0", "tintindex": 0},
				"south": {"uv": [12.5, 12, 16, 13.75], "texture": "#layer0", "tintindex": 0},
				"west": {"uv": [12.75, 11.5, 16, 13.25], "texture": "#layer0", "tintindex": 0},
				"up": {"uv": [16, 6.5, 12.5, 3.25], "texture": "#layer0", "tintindex": 0},
				"down": {"uv": [12.5, 2.75, 16, 6], "texture": "#layer0", "tintindex": 0}
			}
		}
	],
	"display": {
		"gui": {
			"rotation": [35, 225, 0],
			"scale": [0.625, 0.625, 0.625]
		},
		"head": {
			"translation": [0, -6.4, 0],
			"scale": [3.8095, 3.8095, 3.8095]
		}
	}
}