{
  "file_name": "neck3",
  "texture_size": [
    256,
    256
  ],
  "textures": {
    "layer0": "manamodels:entity/dragon"
  },
  "elements": [
    {
      "name": "neck3_0",
      "from": [
        5.6,
        2.8923986,
        5.725705
      ],
      "to": [
        10.4,
        7.692399,
        10.525705
      ],
      "rotation": {
        "angle": -45.0,
        "axis": "z",
        "origin": [
          8.0,
          5.2923985,
          6.925705
        ]
      },
      "faces": {
        "down": {
          "uv": [
            5.375,
            9.8125,
            5.875,
            10.3125
          ],
          "texture": "#layer0",
          "tintindex": 0
        },
        "east": {
          "uv": [
            4.875,
            9.6875,
            5.375,
            10.1875
          ],
          "texture": "#layer0",
          "tintindex": 0
        },
        "north": {
          "uv": [
            4.375,
            9.6875,
            4.875,
            10.1875
          ],
          "texture": "#layer0",
          "tintindex": 0
        },
        "south": {
          "uv": [
            0.0,
            9.75,
            0.5,
            10.25
          ],
          "texture": "#layer0",
          "tintindex": 0
        },
        "up": {
          "uv": [
            1.5,
            10.25,
            1.0,
            9.75
          ],
          "texture": "#layer0",
          "tintindex": 0
        },
        "west": {
          "uv": [
            0.5,
            9.75,
            1.0,
            10.25
          ],
          "texture": "#layer0",
          "tintindex": 0
        }
      }
    }
  ],
  "display": {
    "head": {
      "translation": [
        0.0,
        -6.4,
        0.0
      ],
      "rotation": [
        0.0,
        0.0,
        0.0
      ],
      "scale": [
        3.8095,
        3.8095,
        3.8095
      ]
    },
    "gui": {
      "translation": [
        0.0,
        0.0,
        0.0
      ],
      "rotation": [
        35.0,
        225.0,
        0.0
      ],
      "scale": [
        0.625,
        0.625,
        0.625
      ]
    }
  }
}