{
  "file_name": "tail2",
  "texture_size": [
    256,
    256
  ],
  "textures": {
    "layer0": "manamodels:entity/dragon"
  },
  "elements": [
    {
      "name": "tail2_0",
      "from": [
        5.594,
        2.440466,
        7.1325264
      ],
      "to": [
        10.406,
        7.252466,
        11.944527
      ],
      "rotation": {
        "angle": -45.0,
        "axis": "z",
        "origin": [
          8.0,
          4.8464646,
          7.4385266
        ]
      },
      "faces": {
        "down": {
          "uv": [
            10.0,
            7.3125,
            10.5,
            7.8125
          ],
          "texture": "#layer0",
          "tintindex": 0
        },
        "east": {
          "uv": [
            9.875,
            3.1875,
            10.375,
            3.6875
          ],
          "texture": "#layer0",
          "tintindex": 0
        },
        "north": {
          "uv": [
            9.875,
            2.6875,
            10.375,
            3.1875
          ],
          "texture": "#layer0",
          "tintindex": 0
        },
        "south": {
          "uv": [
            3.375,
            10.0,
            3.875,
            10.5
          ],
          "texture": "#layer0",
          "tintindex": 0
        },
        "up": {
          "uv": [
            10.5,
            7.3125,
            10.0,
            6.8125
          ],
          "texture": "#layer0",
          "tintindex": 0
        },
        "west": {
          "uv": [
            10.0,
            10.0,
            10.5,
            10.5
          ],
          "texture": "#layer0",
          "tintindex": 0
        }
      }
    },
    {
      "name": "tail2_1",
      "from": [
        8.0,
        8.236465,
        7.1385264
      ],
      "to": [
        8.0,
        13.036466,
        11.938527
      ],
      "rotation": {
        "angle": 0.0,
        "axis": "z",
        "origin": [
          8.0,
          8.0,
          8.0
        ]
      },
      "faces": {
        "down": {
          "uv": [
            0.0,
            0.0,
            0.0,
            0.5
          ],
          "texture": "#layer0",
          "tintindex": 0
        },
        "east": {
          "uv": [
            10.125,
            4.1875,
            10.625,
            4.6875
          ],
          "texture": "#layer0",
          "tintindex": 0
        },
        "north": {
          "uv": [
            0.0,
            0.0,
            0.0,
            0.5
          ],
          "texture": "#layer0",
          "tintindex": 0
        },
        "south": {
          "uv": [
            0.0,
            0.0,
            0.0,
            0.5
          ],
          "texture": "#layer0",
          "tintindex": 0
        },
        "up": {
          "uv": [
            0.0,
            0.5,
            0.0,
            0.0
          ],
          "texture": "#layer0",
          "tintindex": 0
        },
        "west": {
          "uv": [
            10.125,
            4.6875,
            10.625,
            5.1875
          ],
          "texture": "#layer0",
          "tintindex": 0
        }
      }
    }
  ],
  "display": {
    "head": {
      "translation": [
        0.0,
        -6.4,
        0.0
      ],
      "rotation": [
        0.0,
        0.0,
        0.0
      ],
      "scale": [
        3.8095,
        3.8095,
        3.8095
      ]
    },
    "gui": {
      "translation": [
        0.0,
        0.0,
        0.0
      ],
      "rotation": [
        35.0,
        225.0,
        0.0
      ],
      "scale": [
        0.625,
        0.625,
        0.625
      ]
    }
  }
}