{
	"credit": "Made with Blockbench",
	"texture_size": [64, 64],
	"textures": {
		"layer0": "manamodels:entity/white_boo"
	},
	"elements": [
		{
			"name": "back_0",
			"from": [5.3, 12.2, 10.4],
			"to": [11.9, 20.6, 14.6],
			"faces": {
				"north": {"uv": [13, 13.25, 15, 16], "texture": "#layer0", "tintindex": 0},
				"east": {"uv": [0, 13.25, 1, 16], "texture": "#layer0", "tintindex": 0},
				"south": {"uv": [7.5, 13.25, 9.5, 16], "texture": "#layer0", "tintindex": 0},
				"west": {"uv": [6.75, 13.25, 7.75, 16], "texture": "#layer0", "tintindex": 0},
				"up": {"uv": [11, 15.25, 9, 14.25], "texture": "#layer0", "tintindex": 0},
				"down": {"uv": [6.75, 15, 8.75, 16], "texture": "#layer0", "tintindex": 0}
			}
		}
	],
	"display": {
		"gui": {
			"rotation": [35, 225, 0],
			"scale": [0.625, 0.625, 0.625]
		},
		"head": {
			"translation": [0, -6.4, 0],
			"scale": [3.8095, 3.8095, 3.8095]
		}
	}
}