{
  "file_name": "bone11",
  "texture_size": [
    128,
    128
  ],
  "textures": {
    "layer0": "manamodels:entity/giant_squid"
  },
  "elements": [
    {
      "name": "bone11_0",
      "from": [
        2.9427922,
        19.399998,
        7.4449997
      ],
      "to": [
        8.3427925,
        32.0,
        8.54
      ],
      "rotation": {
        "angle": -22.5,
        "axis": "z",
        "origin": [
          8.192792,
          25.55,
          8.0
        ]
      },
      "faces": {
        "east": {
          "uv": [
            9.5,
            11.0,
            9.75,
            13.625
          ],
          "texture": "#layer0",
          "tintindex": 0
        },
        "south": {
          "uv": [
            6.25,
            3.5,
            7.375,
            6.125
          ],
          "texture": "#layer0",
          "tintindex": 0
        },
        "north": {
          "uv": [
            7.375,
            3.5,
            6.25,
            6.125
          ],
          "texture": "#layer0",
          "tintindex": 0
        },
        "west": {
          "uv": [
            9.75,
            11.0,
            10.0,
            13.625
          ],
          "texture": "#layer0",
          "tintindex": 0
        },
        "up": {
          "uv": [
            14.875,
            4.625,
            13.75,
            4.375
          ],
          "texture": "#layer0",
          "tintindex": 0
        },
        "down": {
          "uv": [
            13.75,
            4.625,
            14.875,
            4.875
          ],
          "texture": "#layer0",
          "tintindex": 0
        }
      }
    }
  ],
  "display": {
    "head": {
      "translation": [
        0.0,
        37.599735,
        0.0
      ],
      "rotation": [
        0.0,
        0.0,
        0.0
      ],
      "scale": [
        3.8095,
        3.8095,
        3.8095
      ]
    },
    "gui": {
      "translation": [
        0.0,
        0.0,
        0.0
      ],
      "rotation": [
        35.0,
        225.0,
        0.0
      ],
      "scale": [
        0.625,
        0.625,
        0.625
      ]
    }
  }
}