{
  "file_name": "upperarm_right",
  "texture_size": [
    128,
    128
  ],
  "textures": {
    "layer0": "manamodels:entity/golem"
  },
  "elements": [
    {
      "name": "upperarm_right_0",
      "from": [
        6.2,
        0.7999997,
        6.2
      ],
      "to": [
        9.8,
        8.0,
        9.8
      ],
      "rotation": {
        "angle": 0.0,
        "axis": "z",
        "origin": [
          8.0,
          8.0,
          8.0
        ]
      },
      "faces": {
        "down": {
          "uv": [
            5.75,
            7.5,
            6.5,
            8.25
          ],
          "texture": "#layer0",
          "tintindex": 0
        },
        "east": {
          "uv": [
            2.75,
            6.0,
            3.5,
            7.5
          ],
          "texture": "#layer0",
          "tintindex": 0
        },
        "north": {
          "uv": [
            2.0,
            6.0,
            2.75,
            7.5
          ],
          "texture": "#layer0",
          "tintindex": 0
        },
        "south": {
          "uv": [
            3.5,
            6.5,
            4.25,
            8.0
          ],
          "texture": "#layer0",
          "tintindex": 0
        },
        "up": {
          "uv": [
            5.75,
            8.25,
            5.0,
            7.5
          ],
          "texture": "#layer0",
          "tintindex": 0
        },
        "west": {
          "uv": [
            4.25,
            6.5,
            5.0,
            8.0
          ],
          "texture": "#layer0",
          "tintindex": 0
        }
      }
    }
  ],
  "display": {
    "head": {
      "translation": [
        0.0,
        -6.4,
        0.0
      ],
      "rotation": [
        0.0,
        0.0,
        0.0
      ],
      "scale": [
        3.8095,
        3.8095,
        3.8095
      ]
    },
    "gui": {
      "translation": [
        0.0,
        0.0,
        0.0
      ],
      "rotation": [
        35.0,
        225.0,
        0.0
      ],
      "scale": [
        0.625,
        0.625,
        0.625
      ]
    }
  }
}