{
  "file_name": "backleg_right",
  "texture_size": [
    64,
    64
  ],
  "textures": {
    "layer0": "manamodels:entity/tiger"
  },
  "elements": [
    {
      "name": "backleg_right_0",
      "from": [
        6.8,
        3.1999998,
        6.2
      ],
      "to": [
        9.2,
        10.4,
        9.8
      ],
      "rotation": {
        "angle": 0.0,
        "axis": "z",
        "origin": [
          8.0,
          8.0,
          8.0
        ]
      },
      "faces": {
        "down": {
          "uv": [
            12.5,
            2.5,
            13.5,
            4.0
          ],
          "texture": "#layer0",
          "tintindex": 0
        },
        "east": {
          "uv": [
            5.0,
            10.0,
            6.5,
            13.0
          ],
          "texture": "#layer0",
          "tintindex": 0
        },
        "north": {
          "uv": [
            2.0,
            10.5,
            3.0,
            13.5
          ],
          "texture": "#layer0",
          "tintindex": 0
        },
        "south": {
          "uv": [
            3.0,
            10.5,
            4.0,
            13.5
          ],
          "texture": "#layer0",
          "tintindex": 0
        },
        "up": {
          "uv": [
            13.5,
            2.5,
            12.5,
            1.0
          ],
          "texture": "#layer0",
          "tintindex": 0
        },
        "west": {
          "uv": [
            6.5,
            10.0,
            8.0,
            13.0
          ],
          "texture": "#layer0",
          "tintindex": 0
        }
      }
    },
    {
      "name": "backleg_right_1",
      "from": [
        6.8,
        0.19999981,
        9.8
      ],
      "to": [
        9.2,
        5.6,
        12.2
      ],
      "rotation": {
        "angle": 0.0,
        "axis": "z",
        "origin": [
          8.0,
          8.0,
          8.0
        ]
      },
      "faces": {
        "down": {
          "uv": [
            12.0,
            14.0,
            13.0,
            15.0
          ],
          "texture": "#layer0",
          "tintindex": 0
        },
        "east": {
          "uv": [
            11.0,
            11.0,
            12.0,
            13.25
          ],
          "texture": "#layer0",
          "tintindex": 0
        },
        "north": {
          "uv": [
            10.5,
            2.5,
            11.5,
            4.75
          ],
          "texture": "#layer0",
          "tintindex": 0
        },
        "south": {
          "uv": [
            11.5,
            0.0,
            12.5,
            2.25
          ],
          "texture": "#layer0",
          "tintindex": 0
        },
        "up": {
          "uv": [
            14.75,
            6.25,
            13.75,
            5.25
          ],
          "texture": "#layer0",
          "tintindex": 0
        },
        "west": {
          "uv": [
            11.5,
            2.25,
            12.5,
            4.5
          ],
          "texture": "#layer0",
          "tintindex": 0
        }
      }
    },
    {
      "name": "backleg_right_2",
      "from": [
        6.7939997,
        -1.9028506,
        8.95556
      ],
      "to": [
        9.206,
        -0.090850115,
        12.56756
      ],
      "rotation": {
        "angle": 0.0,
        "axis": "x",
        "origin": [
          5.6,
          -1.6000004,
          8.6
        ]
      },
      "faces": {
        "down": {
          "uv": [
            1.0,
            13.0,
            2.0,
            14.5
          ],
          "texture": "#layer0",
          "tintindex": 0
        },
        "east": {
          "uv": [
            9.0,
            13.5,
            10.5,
            14.25
          ],
          "texture": "#layer0",
          "tintindex": 0
        },
        "north": {
          "uv": [
            0.5,
            14.5,
            1.5,
            15.25
          ],
          "texture": "#layer0",
          "tintindex": 0
        },
        "south": {
          "uv": [
            4.0,
            14.5,
            5.0,
            15.25
          ],
          "texture": "#layer0",
          "tintindex": 0
        },
        "up": {
          "uv": [
            1.0,
            14.5,
            0.0,
            13.0
          ],
          "texture": "#layer0",
          "tintindex": 0
        },
        "west": {
          "uv": [
            13.5,
            1.0,
            15.0,
            1.75
          ],
          "texture": "#layer0",
          "tintindex": 0
        }
      }
    }
  ],
  "display": {
    "head": {
      "translation": [
        0.0,
        -6.4,
        0.0
      ],
      "rotation": [
        0.0,
        0.0,
        0.0
      ],
      "scale": [
        3.8095,
        3.8095,
        3.8095
      ]
    },
    "gui": {
      "translation": [
        0.0,
        0.0,
        0.0
      ],
      "rotation": [
        35.0,
        225.0,
        0.0
      ],
      "scale": [
        0.625,
        0.625,
        0.625
      ]
    }
  }
}