{
	"credit": "Made with Blockbench",
	"texture_size": [64, 64],
	"textures": {
		"layer0": "manamodels:entity/white_sapnap"
	},
	"elements": [
		{
			"name": "back_0",
			"from": [5.3, 12.2, 10.4],
			"to": [11.9, 20.6, 14.6],
			"faces": {
				"north": {"uv": [14, 9.75, 16, 12.5], "texture": "#layer0", "tintindex": 0},
				"east": {"uv": [15, 6.5, 16, 9.25], "texture": "#layer0", "tintindex": 0},
				"south": {"uv": [14, 6.5, 16, 9.25], "texture": "#layer0", "tintindex": 0},
				"west": {"uv": [15, 6.5, 16, 9.25], "texture": "#layer0", "tintindex": 0},
				"up": {"uv": [16, 9.75, 14, 8.75], "texture": "#layer0", "tintindex": 0},
				"down": {"uv": [14, 6, 16, 7], "texture": "#layer0", "tintindex": 0}
			}
		}
	],
	"display": {
		"gui": {
			"rotation": [35, 225, 0],
			"scale": [0.625, 0.625, 0.625]
		},
		"head": {
			"translation": [0, -6.4, 0],
			"scale": [3.8095, 3.8095, 3.8095]
		}
	}
}