{
	"credit": "Made with Blockbench",
	"texture_size": [64, 64],
	"textures": {
		"layer0": "manamodels:entity/blue_stitch"
	},
	"elements": [
		{
			"name": "body_0",
			"from": [4.1, 2.6, 10.4],
			"to": [11.9, 13.4, 17.6],
			"faces": {
				"north": {"uv": [0, 0, 2.25, 3.5], "texture": "#layer0", "tintindex": 0},
				"east": {"uv": [0, 3.5, 2, 7], "texture": "#layer0", "tintindex": 0},
				"south": {"uv": [2.25, 2.25, 4.5, 5.75], "texture": "#layer0", "tintindex": 0},
				"west": {"uv": [4.5, 4.5, 6.5, 8], "texture": "#layer0", "tintindex": 0},
				"up": {"uv": [4.5, 2, 2.25, 0], "texture": "#layer0", "tintindex": 0},
				"down": {"uv": [6.5, 6.5, 8.75, 8.5], "texture": "#layer0", "tintindex": 0}
			}
		},
		{
			"name": "body_1",
			"from": [2.6, 9.8, 14],
			"to": [4.4, 14.6, 15.2],
			"rotation": {"angle": 0, "axis": "z", "origin": [3.5, 12.2, 14.6]},
			"faces": {
				"north": {"uv": [5.25, 8, 6, 10], "texture": "#layer0", "tintindex": 0},
				"east": {"uv": [4, 5.75, 4.5, 7.75], "texture": "#layer0", "tintindex": 0},
				"south": {"uv": [0, 8.25, 0.75, 10.25], "texture": "#layer0", "tintindex": 0},
				"west": {"uv": [3.25, 8.5, 3.75, 10.5], "texture": "#layer0", "tintindex": 0},
				"up": {"uv": [9.75, 9, 9, 8.5], "texture": "#layer0", "tintindex": 0},
				"down": {"uv": [9.25, 6.75, 10, 7.25], "texture": "#layer0", "tintindex": 0}
			}
		},
		{
			"name": "body_2",
			"from": [11.6, 9.8, 14],
			"to": [13.4, 14.6, 15.2],
			"rotation": {"angle": 0, "axis": "z", "origin": [12.5, 12.2, 14.6]},
			"faces": {
				"north": {"uv": [0.75, 8.25, 1.5, 10.25], "texture": "#layer0", "tintindex": 0},
				"east": {"uv": [8.75, 6, 9.25, 8], "texture": "#layer0", "tintindex": 0},
				"south": {"uv": [1.5, 8.5, 2.25, 10.5], "texture": "#layer0", "tintindex": 0},
				"west": {"uv": [9, 9, 9.5, 11], "texture": "#layer0", "tintindex": 0},
				"up": {"uv": [10, 7.75, 9.25, 7.25], "texture": "#layer0", "tintindex": 0},
				"down": {"uv": [9.5, 9.5, 10.25, 10], "texture": "#layer0", "tintindex": 0}
			}
		},
		{
			"name": "body_3",
			"from": [7.1, 6.5, 9.2],
			"to": [8.9, 8.3, 10.4],
			"faces": {
				"north": {"uv": [7.5, 4.75, 8.25, 5.5], "texture": "#layer0", "tintindex": 0},
				"east": {"uv": [4.75, 9.25, 5.25, 10], "texture": "#layer0", "tintindex": 0},
				"south": {"uv": [9.25, 6, 10, 6.75], "texture": "#layer0", "tintindex": 0},
				"west": {"uv": [9.5, 0, 10, 0.75], "texture": "#layer0", "tintindex": 0},
				"up": {"uv": [10.25, 5.25, 9.5, 4.75], "texture": "#layer0", "tintindex": 0},
				"down": {"uv": [9.5, 5.25, 10.25, 5.75], "texture": "#layer0", "tintindex": 0}
			}
		},
		{
			"name": "visor_0",
			"from": [5, 7.3, 9.5],
			"to": [11, 12.1, 12.5],
			"rotation": {"angle": 0, "axis": "y", "origin": [8, 10, 5]},
			"faces": {
				"north": {"uv": [4.5, 2.75, 6.25, 4], "texture": "#layer0", "tintindex": 0},
				"east": {"uv": [3.75, 9.25, 4.25, 10.5], "texture": "#layer0", "tintindex": 0},
				"south": {"uv": [0, 7, 1.75, 8.25], "texture": "#layer0", "tintindex": 0},
				"west": {"uv": [4.25, 9.25, 4.75, 10.5], "texture": "#layer0", "tintindex": 0},
				"up": {"uv": [6.25, 4.5, 4.5, 4], "texture": "#layer0", "tintindex": 0},
				"down": {"uv": [8.75, 8, 10.5, 8.5], "texture": "#layer0", "tintindex": 0}
			}
		},
		{
			"name": "back_0",
			"from": [4.7, 3.2, 16.4],
			"to": [11.3, 11.6, 20.6],
			"rotation": {"angle": 0, "axis": "y", "origin": [7.4, -1, 8]},
			"faces": {
				"north": {"uv": [4.5, 0, 6.5, 2.75], "texture": "#layer0", "tintindex": 0},
				"east": {"uv": [6.5, 0, 7.5, 2.75], "texture": "#layer0", "tintindex": 0},
				"south": {"uv": [2, 5.75, 4, 8.5], "texture": "#layer0", "tintindex": 0},
				"west": {"uv": [6.5, 2.75, 7.5, 5.5], "texture": "#layer0", "tintindex": 0},
				"up": {"uv": [8.5, 6.5, 6.5, 5.5], "texture": "#layer0", "tintindex": 0},
				"down": {"uv": [7.5, 0, 9.5, 1], "texture": "#layer0", "tintindex": 0}
			}
		}
	],
	"display": {
		"gui": {
			"rotation": [35, 225, 0],
			"scale": [0.625, 0.625, 0.625]
		},
		"head": {
			"translation": [0, -6.4, 0],
			"scale": [3.8095, 3.8095, 3.8095]
		}
	}
}