{
	"credit": "Made with Blockbench",
	"texture_size": [512, 512],
	"textures": {
		"layer0": "manamodels:entity/scifidoor"
	},
	"elements": [
		{
			"name": "topdoor_0",
			"from": [-14.32071, 13.02653, 6.76485],
			"to": [30.31515, 31.12215, 9.1776],
			"rotation": {"angle": 0, "axis": "z", "origin": [8, 4.8, 8]},
			"faces": {
				"north": {"uv": [0, 1.6875, 2.3125, 2.625], "texture": "#layer0", "tintindex": 0},
				"east": {"uv": [3.21875, 5.34375, 3.34375, 6.28125], "texture": "#layer0", "tintindex": 0},
				"south": {"uv": [2.3125, 2.3125, 4.625, 3.25], "texture": "#layer0", "tintindex": 0},
				"west": {"uv": [3.34375, 5.34375, 3.46875, 6.28125], "texture": "#layer0", "tintindex": 0},
				"up": {"uv": [2.3125, 3.25, 0, 3.125], "texture": "#layer0", "tintindex": 0},
				"down": {"uv": [3.3125, 1.5625, 5.625, 1.6875], "texture": "#layer0", "tintindex": 0}
			}
		},
		{
			"name": "topdoor_1",
			"from": [-14.32071, 9.40741, 5.55848],
			"to": [30.31515, 13.02653, 10.38398],
			"rotation": {"angle": 0, "axis": "z", "origin": [8, 4.8, 8]},
			"faces": {
				"north": {"uv": [3.3125, 1.1875, 5.625, 1.375], "texture": "#layer0", "tintindex": 0},
				"east": {"uv": [2.4375, 4.65625, 2.6875, 4.84375], "texture": "#layer0", "tintindex": 0},
				"south": {"uv": [3.3125, 1.375, 5.625, 1.5625], "texture": "#layer0", "tintindex": 0},
				"west": {"uv": [4.15625, 5.84375, 4.40625, 6.03125], "texture": "#layer0", "tintindex": 0},
				"up": {"uv": [2.3125, 2.875, 0, 2.625], "texture": "#layer0", "tintindex": 0},
				"down": {"uv": [0, 2.875, 2.3125, 3.125], "texture": "#layer0", "tintindex": 0}
			}
		},
		{
			"name": "topdoor_2",
			"from": [14.02909, 0.3596, 6.16167],
			"to": [30.31515, 3.97872, 9.78079],
			"rotation": {"angle": 0, "axis": "z", "origin": [8, 4.8, 8]},
			"faces": {
				"north": {"uv": [5.3125, 4.09375, 6.15625, 4.28125], "texture": "#layer0", "tintindex": 0},
				"east": {"uv": [0.125, 5.9375, 0.3125, 6.125], "texture": "#layer0", "tintindex": 0},
				"south": {"uv": [2.375, 5.34375, 3.21875, 5.53125], "texture": "#layer0", "tintindex": 0},
				"west": {"uv": [4.53125, 5.9375, 4.71875, 6.125], "texture": "#layer0", "tintindex": 0},
				"up": {"uv": [6.25, 5.59375, 5.40625, 5.40625], "texture": "#layer0", "tintindex": 0},
				"down": {"uv": [5.40625, 5.1875, 6.25, 5.375], "texture": "#layer0", "tintindex": 0}
			}
		},
		{
			"name": "topdoor_3",
			"from": [27.29921, 3.97872, 6.16167],
			"to": [30.31515, 9.40741, 9.78079],
			"rotation": {"angle": 0, "axis": "z", "origin": [8, 4.8, 8]},
			"faces": {
				"north": {"uv": [5.46875, 5.90625, 5.625, 6.1875], "texture": "#layer0", "tintindex": 0},
				"east": {"uv": [5.8125, 2.375, 6, 2.65625], "texture": "#layer0", "tintindex": 0},
				"south": {"uv": [5.625, 5.90625, 5.78125, 6.1875], "texture": "#layer0", "tintindex": 0},
				"west": {"uv": [5.8125, 3.15625, 6, 3.4375], "texture": "#layer0", "tintindex": 0},
				"up": {"uv": [4.3125, 6.21875, 4.15625, 6.03125], "texture": "#layer0", "tintindex": 0},
				"down": {"uv": [6.03125, 4.59375, 6.1875, 4.78125], "texture": "#layer0", "tintindex": 0}
			}
		},
		{
			"name": "topdoor_4",
			"from": [-14.32071, 3.97872, 6.16167],
			"to": [-11.30477, 9.40741, 9.78079],
			"rotation": {"angle": 0, "axis": "z", "origin": [8, 4.8, 8]},
			"faces": {
				"north": {"uv": [5.78125, 5.90625, 5.9375, 6.1875], "texture": "#layer0", "tintindex": 0},
				"east": {"uv": [1.875, 5.84375, 2.0625, 6.125], "texture": "#layer0", "tintindex": 0},
				"south": {"uv": [5.90625, 4.3125, 6.0625, 4.59375], "texture": "#layer0", "tintindex": 0},
				"west": {"uv": [2.0625, 5.84375, 2.25, 6.125], "texture": "#layer0", "tintindex": 0},
				"up": {"uv": [6.1875, 5.78125, 6.03125, 5.59375], "texture": "#layer0", "tintindex": 0},
				"down": {"uv": [1.21875, 6.0625, 1.375, 6.25], "texture": "#layer0", "tintindex": 0}
			}
		},
		{
			"name": "topdoor_5",
			"from": [-14.32071, 0.3596, 6.16167],
			"to": [1.96535, 3.97872, 9.78079],
			"rotation": {"angle": 0, "axis": "z", "origin": [8, 4.8, 8]},
			"faces": {
				"north": {"uv": [5.3125, 0.46875, 6.15625, 0.65625], "texture": "#layer0", "tintindex": 0},
				"east": {"uv": [3.09375, 3.8125, 3.28125, 4], "texture": "#layer0", "tintindex": 0},
				"south": {"uv": [5.3125, 3.53125, 6.15625, 3.71875], "texture": "#layer0", "tintindex": 0},
				"west": {"uv": [5.90625, 4.90625, 6.09375, 5.09375], "texture": "#layer0", "tintindex": 0},
				"up": {"uv": [6.15625, 3.90625, 5.3125, 3.71875], "texture": "#layer0", "tintindex": 0},
				"down": {"uv": [5.3125, 3.90625, 6.15625, 4.09375], "texture": "#layer0", "tintindex": 0}
			}
		},
		{
			"name": "topdoor_6",
			"from": [1.96535, -7.48183, 6.16167],
			"to": [14.02909, -3.86271, 9.78079],
			"rotation": {"angle": 0, "axis": "z", "origin": [8, 4.8, 8]},
			"faces": {
				"north": {"uv": [5.53125, 2.78125, 6.15625, 2.96875], "texture": "#layer0", "tintindex": 0},
				"east": {"uv": [4.71875, 5.9375, 4.90625, 6.125], "texture": "#layer0", "tintindex": 0},
				"south": {"uv": [5.53125, 2.96875, 6.15625, 3.15625], "texture": "#layer0", "tintindex": 0},
				"west": {"uv": [4.90625, 5.9375, 5.09375, 6.125], "texture": "#layer0", "tintindex": 0},
				"up": {"uv": [6.03125, 5.78125, 5.40625, 5.59375], "texture": "#layer0", "tintindex": 0},
				"down": {"uv": [5.625, 1.1875, 6.25, 1.375], "texture": "#layer0", "tintindex": 0}
			}
		},
		{
			"name": "topdoor_7",
			"from": [11.01316, -3.86271, 6.16167],
			"to": [14.02909, 3.97872, 9.78079],
			"rotation": {"angle": 0, "axis": "z", "origin": [8, 4.8, 8]},
			"faces": {
				"north": {"uv": [5.75, 4.3125, 5.90625, 4.71875], "texture": "#layer0", "tintindex": 0},
				"east": {"uv": [4.1875, 4.84375, 4.375, 5.25], "texture": "#layer0", "tintindex": 0},
				"south": {"uv": [5.75, 4.71875, 5.90625, 5.125], "texture": "#layer0", "tintindex": 0},
				"west": {"uv": [1.21875, 5.65625, 1.40625, 6.0625], "texture": "#layer0", "tintindex": 0},
				"up": {"uv": [6.09375, 6.125, 5.9375, 5.9375], "texture": "#layer0", "tintindex": 0},
				"down": {"uv": [6, 2.375, 6.15625, 2.5625], "texture": "#layer0", "tintindex": 0}
			}
		},
		{
			"name": "topdoor_8",
			"from": [1.96535, -3.86271, 6.16167],
			"to": [4.98129, 3.97872, 9.78079],
			"rotation": {"angle": 0, "axis": "z", "origin": [8, 4.8, 8]},
			"faces": {
				"north": {"uv": [2.375, 5.78125, 2.53125, 6.1875], "texture": "#layer0", "tintindex": 0},
				"east": {"uv": [1.40625, 5.65625, 1.59375, 6.0625], "texture": "#layer0", "tintindex": 0},
				"south": {"uv": [2.53125, 5.78125, 2.6875, 6.1875], "texture": "#layer0", "tintindex": 0},
				"west": {"uv": [1.59375, 5.65625, 1.78125, 6.0625], "texture": "#layer0", "tintindex": 0},
				"up": {"uv": [6.15625, 3.34375, 6, 3.15625], "texture": "#layer0", "tintindex": 0},
				"down": {"uv": [6, 3.34375, 6.15625, 3.53125], "texture": "#layer0", "tintindex": 0}
			}
		},
		{
			"name": "topdoor_9",
			"from": [-11.30477, -3.86271, 7.36804],
			"to": [27.29921, 9.40741, 9.1776],
			"rotation": {"angle": 0, "axis": "z", "origin": [8, 4.8, 8]},
			"faces": {
				"north": {"uv": [3.3125, 3.3125, 5.3125, 4], "texture": "#layer0", "tintindex": 0},
				"east": {"uv": [1.78125, 5.65625, 1.875, 6.34375], "texture": "#layer0", "tintindex": 0},
				"south": {"uv": [3.3125, 0, 5.3125, 0.6875], "texture": "#layer0", "tintindex": 0},
				"west": {"uv": [0.375, 5.75, 0.46875, 6.4375], "texture": "#layer0", "tintindex": 0},
				"up": {"uv": [7.1875, 2.78125, 5.1875, 2.6875], "texture": "#layer0", "tintindex": 0},
				"down": {"uv": [5.3125, 0.375, 7.3125, 0.46875], "texture": "#layer0", "tintindex": 0}
			}
		}
	],
	"display": {
		"gui": {
			"rotation": [35, 225, 0],
			"scale": [0.625, 0.625, 0.625]
		},
		"head": {
			"translation": [0, -6.4, 0],
			"scale": [3.8095, 3.8095, 3.8095]
		}
	}
}