{
  "file_name": "tail7",
  "texture_size": [
    128,
    128
  ],
  "textures": {
    "layer0": "manamodels:entity/scorpion"
  },
  "elements": [
    {
      "name": "tail7_0",
      "from": [
        6.194,
        7.394,
        7.994
      ],
      "to": [
        9.806,
        12.806001,
        11.606
      ],
      "rotation": {
        "angle": 0.0,
        "axis": "z",
        "origin": [
          8.0,
          8.0,
          8.0
        ]
      },
      "faces": {
        "down": {
          "uv": [
            2.5,
            6.25,
            3.25,
            7.0
          ],
          "texture": "#layer0",
          "tintindex": 0
        },
        "east": {
          "uv": [
            1.75,
            4.375,
            2.5,
            5.5
          ],
          "texture": "#layer0",
          "tintindex": 0
        },
        "north": {
          "uv": [
            1.0,
            4.0,
            1.75,
            5.125
          ],
          "texture": "#layer0",
          "tintindex": 0
        },
        "south": {
          "uv": [
            2.5,
            4.375,
            3.25,
            5.5
          ],
          "texture": "#layer0",
          "tintindex": 0
        },
        "up": {
          "uv": [
            2.5,
            7.0,
            1.75,
            6.25
          ],
          "texture": "#layer0",
          "tintindex": 0
        },
        "west": {
          "uv": [
            3.25,
            4.375,
            4.0,
            5.5
          ],
          "texture": "#layer0",
          "tintindex": 0
        }
      }
    },
    {
      "name": "tail7_1",
      "from": [
        7.994,
        11.594,
        4.994
      ],
      "to": [
        8.0060005,
        15.806001,
        9.206
      ],
      "rotation": {
        "angle": 0.0,
        "axis": "z",
        "origin": [
          8.0,
          8.0,
          8.0
        ]
      },
      "faces": {
        "down": {
          "uv": [
            0.0,
            0.0,
            0.0,
            0.875
          ],
          "texture": "#layer0",
          "tintindex": 0
        },
        "east": {
          "uv": [
            4.0,
            4.375,
            4.875,
            5.25
          ],
          "texture": "#layer0",
          "tintindex": 0
        },
        "north": {
          "uv": [
            0.0,
            0.0,
            0.0,
            0.875
          ],
          "texture": "#layer0",
          "tintindex": 0
        },
        "south": {
          "uv": [
            0.0,
            0.0,
            0.0,
            0.875
          ],
          "texture": "#layer0",
          "tintindex": 0
        },
        "up": {
          "uv": [
            0.0,
            0.875,
            0.0,
            0.0
          ],
          "texture": "#layer0",
          "tintindex": 0
        },
        "west": {
          "uv": [
            4.5,
            0.75,
            5.375,
            1.625
          ],
          "texture": "#layer0",
          "tintindex": 0
        }
      }
    }
  ],
  "display": {
    "head": {
      "translation": [
        0.0,
        -6.4,
        0.0
      ],
      "rotation": [
        0.0,
        0.0,
        0.0
      ],
      "scale": [
        3.8095,
        3.8095,
        3.8095
      ]
    },
    "gui": {
      "translation": [
        0.0,
        0.0,
        0.0
      ],
      "rotation": [
        35.0,
        225.0,
        0.0
      ],
      "scale": [
        0.625,
        0.625,
        0.625
      ]
    }
  }
}