{
	"credit": "Made with Blockbench",
	"texture_size": [64, 64],
	"textures": {
		"layer0": "manamodels:entity/lime_wazowski"
	},
	"elements": [
		{
			"name": "back_0",
			"from": [5.3, 12.2, 10.4],
			"to": [11.9, 20.6, 14.6],
			"faces": {
				"north": {"uv": [13.5, 3.75, 15.5, 6.5], "texture": "#layer0", "tintindex": 0},
				"east": {"uv": [12.25, 2.5, 13.25, 5.25], "texture": "#layer0", "tintindex": 0},
				"south": {"uv": [13.75, 8, 15.75, 10.75], "texture": "#layer0", "tintindex": 0},
				"west": {"uv": [14.75, 4.25, 15.75, 7], "texture": "#layer0", "tintindex": 0},
				"up": {"uv": [16, 9.25, 14, 8.25], "texture": "#layer0", "tintindex": 0},
				"down": {"uv": [12.75, 3, 14.75, 4], "texture": "#layer0", "tintindex": 0}
			}
		}
	],
	"display": {
		"gui": {
			"rotation": [35, 225, 0],
			"scale": [0.625, 0.625, 0.625]
		},
		"head": {
			"translation": [0, -6.4, 0],
			"scale": [3.8095, 3.8095, 3.8095]
		}
	}
}