{
	"credit": "Made with Blockbench",
	"texture_size": [64, 64],
	"textures": {
		"layer0": "manamodels:entity/lime_wazowski"
	},
	"elements": [
		{
			"name": "visor_0",
			"from": [5, 5.3, 6.5],
			"to": [11, 10.1, 9.5],
			"faces": {
				"north": {"uv": [10, 11, 11.25, 12.25], "texture": "#layer0", "tintindex": 0},
				"east": {"uv": [11.5, 8.25, 11.75, 9.5], "texture": "#layer0", "tintindex": 0},
				"south": {"uv": [7, 13, 8.25, 14.25], "texture": "#layer0", "tintindex": 0},
				"west": {"uv": [14, 7.75, 14.25, 9], "texture": "#layer0", "tintindex": 0},
				"up": {"uv": [13.75, 9.75, 12.5, 9.5], "texture": "#layer0", "tintindex": 0},
				"down": {"uv": [14.75, 9.5, 16, 9.75], "texture": "#layer0", "tintindex": 0}
			}
		},
		{
			"name": "visor_1",
			"from": [6.5, 6.2, 6.2],
			"to": [9.5, 9.2, 6.8],
			"faces": {
				"north": {"uv": [10, 11, 11.25, 12.25], "texture": "#layer0", "tintindex": 0},
				"east": {"uv": [11.5, 8.25, 11.75, 9.5], "texture": "#layer0", "tintindex": 0},
				"south": {"uv": [7, 13, 8.25, 14.25], "texture": "#layer0", "tintindex": 0},
				"west": {"uv": [14, 7.75, 14.25, 9], "texture": "#layer0", "tintindex": 0},
				"up": {"uv": [13.75, 9.75, 12.5, 9.5], "texture": "#layer0", "tintindex": 0},
				"down": {"uv": [14.75, 9.5, 16, 9.75], "texture": "#layer0", "tintindex": 0}
			}
		}
	],
	"display": {
		"gui": {
			"rotation": [35, 225, 0],
			"scale": [0.625, 0.625, 0.625]
		},
		"head": {
			"translation": [0, -6.4, 0],
			"scale": [3.8095, 3.8095, 3.8095]
		}
	}
}