{
	"credit": "Made with Blockbench",
	"texture_size": [64, 64],
	"textures": {
		"layer0": "manamodels:entity/orange_antfrost"
	},
	"elements": [
		{
			"name": "ears_0",
			"from": [4.4, 13.4, 7.4],
			"to": [6.8, 15.2, 8.6],
			"faces": {
				"north": {"uv": [10.5, 15.25, 11.5, 16], "texture": "#layer0", "tintindex": 0},
				"east": {"uv": [10.25, 15.25, 10.75, 16], "texture": "#layer0", "tintindex": 0},
				"south": {"uv": [11.25, 14.25, 12.25, 15], "texture": "#layer0", "tintindex": 0},
				"west": {"uv": [12.75, 15.25, 13.25, 16], "texture": "#layer0", "tintindex": 0},
				"up": {"uv": [10, 16, 9, 15.5], "texture": "#layer0", "tintindex": 0},
				"down": {"uv": [11, 15.5, 12, 16], "texture": "#layer0", "tintindex": 0}
			}
		},
		{
			"name": "ears_1",
			"from": [9.2, 13.4, 7.4],
			"to": [11.6, 15.2, 8.6],
			"faces": {
				"north": {"uv": [10.5, 15.25, 11.5, 16], "texture": "#layer0", "tintindex": 0},
				"east": {"uv": [10.25, 15.25, 10.75, 16], "texture": "#layer0", "tintindex": 0},
				"south": {"uv": [11.25, 14.25, 12.25, 15], "texture": "#layer0", "tintindex": 0},
				"west": {"uv": [12.75, 15.25, 13.25, 16], "texture": "#layer0", "tintindex": 0},
				"up": {"uv": [10, 16, 9, 15.5], "texture": "#layer0", "tintindex": 0},
				"down": {"uv": [11, 15.5, 12, 16], "texture": "#layer0", "tintindex": 0}
			}
		}
	],
	"display": {
		"gui": {
			"rotation": [35, 225, 0],
			"scale": [0.625, 0.625, 0.625]
		},
		"head": {
			"translation": [0, -6.4, 0],
			"scale": [3.8095, 3.8095, 3.8095]
		}
	}
}